Metric ID,Group,Metrics Category,Metric,Definition / Description,Formula,Numerator,Denominator,Application v2,Application,Analysis,Analysis Subtype,A[i]gent,Commentary / Interpretation,Data Source - Object,Data Source - Field,Data Store - Object,Data Store - Field,Time Rule,Transformation/ Import Logic,Tags,Notes
17.05,Recruiting & Staffing,Outcome & Impact,Offer Fit Index,Relative measure of employees' perceptions of offer fit with the organization.,Survey,Survey,Survey,Measure alignment between the organization’s value proposition and employee preferences to optimize offer design.,"Degree of alignment between the organization’s value proposition and the values, or preferences, of employees. In aggregate, the Offer Fit Index describes the level of offer fit across a number of specific job factors. The index is also diagnostic—it can be disaggregated to identify those elements of a firm’s employment value proposition that are more or less aligned with the preferences of employees.",Employee Satisfaction,Employee Satisfaction,Listening A[i]gent,"Organizations typically measure offer fit using survey results. Each survey will likely have a different set of questions or methodologies for measuring offer fit. A high level of offer fit equates to a high degree of alignment between the organization’s value proposition (in terms of compensation and benefits, work–life balance, work environment, etc.) and the specific preferences of employees. This level of offer fit impacts employees’ commitment to the firm, engagement on the job, and likelihood of staying with or leaving the firm",ATS — Candidate Pipeline,Offer fit item(s) , candidate_feedback , offer_fit_score ,Event Date Within Period," Normalize Likert scale to 0–100 |  Composite index 	 Include only accepted offers unless otherwise defined ","CNVR, recruiting, pipeline, hiring, Survey, Recruitment Process, EVP Alignment ", Diagnostic of employment value proposition alignment.
15.10,Recruiting & Staffing,Sentiment & Experience,New Hire Satisfaction with Recruiting,An indication of how satisfied recent hires were with the recruiting process.,Survey,Survey,Survey,Recruiting process effectiveness for employer brand and candidate experience.,Staffing Effectiveness Measure,Recruitment Process,Candidate Experience,Listening A[i]gent,New Hire Satisfaction with recruiting represents a survey index or set of questions for recent hires to determine their satisfaction with the recruitment process.,ATS — Candidate Pipeline,Recruiting satisfaction item(s) , candidate_feedback , recruiting_satisfaction_score ,Event Date Within Period," Normalize Likert scale to 0–100 | Composite index 	 Minimum response threshold ","CNVR, recruiting, pipeline, hiring, Survey, Recruitment Process, CSAT ", Measures experience of hired employees with recruiting process.
15.11,Recruiting & Staffing,Sentiment & Experience,New Hire Performance Satisfaction,How well recent hires are performing within their positions.,Survey,Survey,Survey,Evaluate hiring effectiveness through manager-rated performance of recent hires.,Staffing Effectiveness Measure,Recruitment Process,Quality of Hire,Listening A[i]gent,New Hire Performance Satisfaction represents a survey index or set of questions posed to the managers of recent hires to determine the performance levels of those recent hires.,ATS — Candidate Pipeline,Manager-rated new hire performance item(s) , new_hire_feedback , new_hire_performance_score ,Event Date Within Period," Normalize manager rating scale to 0–100 |  Composite index 	 Minimum response threshold ","CNVR, recruiting, pipeline, hiring, Survey, Quality of Hire, Perf. Eval ", Used to validate recruitment effectiveness.
15.20,Recruiting & Staffing,Operational Performance,Applicant Interview Rate (%Apps-to-Interview),Percentage of applicants that are interviewed during a period (any interview).,%app_to_interview_rate = count(applicants_interviewed) / count(applicants) * 100,Distinct applicants who have ≥ 1 interview (any interview type) completed.,Distinct applicants (applications submitted).,Balance between interviewing enough candidates to sample the qualified pool and avoiding excessive interview load.,"Balance between interviewing ""enough"" candidates to provide a sufficient sampling of the qualified candidate pool and straining the recruiting process by interviewing an excessive number of candidates.",,,,A result of 20% means that 20% of all applicants are interviewed.,ATS — Candidate Pipeline,,,,Event Date Within Period,"“Any interview” = first occurrence of an interview event after application (phone screen, recruiter screen, HM screen, panel, etc.). | Count distinct applicants, not number of interviews. | Decide whether the interview event is based on scheduled (recommended) vs completed (stricter). | Exclude duplicates/merged profiles; one applicant counts once.","CNVR, Capacity",Equivalent to App→Interview pass-through.
15.19,Recruiting & Staffing,Operational Performance,Pass-through Ratio: Applicants --> Hire | Applicant Ratio,Average number of applicants for each internal and external hire.,app_to_hire_ratio = count(applications) / count(offers_accepted),#Applicants ,#Offers.Accepted,#Applicants needed per hire & required screening resources,Applicant screening resources required from a job applicant pool.,Recruiting Funnel Metrics,,Screening A[i]gent | Pipeline Health A[i]gent | ,One in a series that provides an indication of the proportion of candidates admitted through various gates in the recruiting process.,ATS — Candidate Pipeline,,,app_to_hire_ratio,Event Date Within Period,Denominator = candidates entering stage in cohort week. Numerator = those who later reach Hire. Exclude duplicates/merged profiles.,"CNVR, recruiting, pipeline, hiring",
15.05,Recruiting & Staffing,Operational Performance,Referral Conversion Rate,Referrals hired as a percentage of total referrals. | Hires from referrals divided by referrals submitted.,(External Hires.Referrals / Referrals) * 100 | count( referral_hires ) / count( referrals ),Hires from referrals,Referrals submitted,,Success of the Referral Program.,,,,,ATS — Candidate Pipeline,,,,Event Date Within Period,COUNT distinct candidate_id; exclude withdrawn/duplicate; stage-based aggregation where applicable,"CNVR, recruiting, pipeline, hiring","Add stepwise conversion: Referral→App, App→Screen, etc."
15.09,Recruiting & Staffing,Operational Performance,Offer Acceptance Rate%,Percentage of offers that were accepted.,(Offers.Accepted / Offers.Extended) * 100 | count( offers.accepted ) / count( offers.sent ),Accepted offers,Sent offers,,staffing effectiveness,,,,,ATS — Candidate Pipeline,,,,Event Date Within Period,COUNT distinct candidate_id; exclude withdrawn/duplicate; stage-based aggregation where applicable,"CNVR, recruiting, pipeline, hiring",Track reasons (expired/declined/withdrawn) as sub-dimensions.
15.13,Recruiting & Staffing,Operational Performance,Interviews to Hire Ratio (#Applicants) | Interviewee Ratio,Average number of applicants interviewed for each internal and external hire. |Average number of interviews conducted for hired candidates.,Applicants.Interviewed / Offers.Accepted | count( interviews_for_hires ) / count( hires ),Applicants.Interviewed | Interviews for hired candidates,Offers.Accepted | Hires,,one in a series that provides an indication of the proportion of candidates admitted through various gates in the recruiting process.,,,,,ATS — Candidate Pipeline,,,,Event Date Within Period,COUNT distinct candidate_id; exclude withdrawn/duplicate; stage-based aggregation where applicable,"CNVR, recruiting, pipeline, hiring",Break out by team/level; watch for panel duplication.
15.14,Recruiting & Staffing,Operational Performance,Interview-to-Offer Rate % | Interviewee Offer Rate,Offers extended as a percentage of distinct applicants interviewed during the period. | Share of interviewed applicants who received an offer.,(Offers.Extended / Applicants/Interviewed) * 100 | count( offers.sent ) / count( applicants_interviewed ),Offers sent,Applicants interviewed,,one in a series that provides an indication of the proportion of candidates admitted through various gates in the recruiting process.,,,,"For example, a result of 10% means that 10% of interviewed applicants received job offers.",ATS — Candidate Pipeline,,,,Event Date Within Period,COUNT distinct candidate_id; exclude withdrawn/duplicate; stage-based aggregation where applicable,"CNVR, recruiting, pipeline, hiring",Equivalent to Interview→Offer conversion.
15.15,Recruiting & Staffing,Operational Performance,"Time-to-Start, Average (days)",Average number of days elapsed between requisition date and start date for internal and external hires. | Average calendar days from offer acceptance to candidate start date.,Total days to Start / Hires | avg( start_dt - offer_accepted_dt ),Sum of days from acceptance to start,Hires,,Staffing Timeliness,,,,,ATS — Candidate Pipeline,,,,Event Date Within Period,COUNT distinct candidate_id; exclude withdrawn/duplicate; stage-based aggregation where applicable,"CNVR, recruiting, pipeline, hiring",Track separately for relocations if needed.
15.16,Recruiting & Staffing,Operational Performance,"Time-to-Fill, Average (days)",Average number of days elapsed between requisition date and offer acceptance for internal and external hires. | Average calendar days from requisition open (or approved) to offer acceptance for filled requisitions.,Total Days to Fill / Offers.Accepted | avg( offer_accepted_dt - req_open_dt ),Total Days to Fill | Sum of days from open to offer acceptance,Offers accepted,,Staffing Timeliness,,,,,ATS — Candidate Pipeline,,,,Event Date Within Period,COUNT distinct candidate_id; exclude withdrawn/duplicate; stage-based aggregation where applicable,"CNVR, recruiting, pipeline, hiring","If using 'posted_dt' instead of 'open_dt', note in version."
15.17,Recruiting & Staffing,Cost Efficiency,"Sign-On Bonus Expense, Average",Average sign-on bonus received by external hires given a sign-on bonus.,Sign-On Bonus Expense / External Hires.Sign-On Bonus,Sign-On Bonus Expense,External Hires.Sign-On Bonus,,usage of sign-on bonuses,,,,,ATS — Candidate Pipeline,,,,Event Date Within Period,COUNT distinct candidate_id; exclude withdrawn/duplicate; stage-based aggregation where applicable,"CNVR, recruiting, pipeline, hiring",
15.18,Recruiting & Staffing,Operational Performance,Interviews Per Hire Average (#Interviews:1Applicant),Average number of interviews conducted with the hired candidate for each internal and external hire.,(Interviews.Applicants.Offers.Accepted / Applicants.Offers.Accepted),Interviews.Applicants.Offers.Accepted,Applicants.Offers.Accepted,,Staffing Efficiency,,,,"Average Interviews per Hire indicates, for each person hired within a period, how many interviews that person had before being hired. For example, a result of 5.5 means that people hired had an average of 5.5 interviews during the recruiting process.",ATS — Candidate Pipeline,,,,Event Date Within Period,COUNT distinct candidate_id; exclude withdrawn/duplicate; stage-based aggregation where applicable,"CNVR, recruiting, pipeline, hiring",
14.09,Recruiting & Staffing,Operational Performance,"Decision Latency (days, median)",Days from decision request created to decision logged in pilot functions.,median( decision_dt - request_dt ),Decisions closed,Decision requests,,,,,,,ATS — Candidate Pipeline,,,,Event Date Within Period,COUNT distinct candidate_id; exclude withdrawn/duplicate; stage-based aggregation where applicable,"CNVR, recruiting, pipeline, hiring",Log decision type and escalation path.
14.10,Recruiting & Staffing,Operational Performance,HM SLA Compliance %,Share of HM actions (feedback/decisions) taken within SLA.,count( actions_within_SLA ) / count( actions_required ),On-time HM actions,Required HM actions,,,,,,,ATS — Candidate Pipeline,,,,Event Date Within Period,COUNT distinct candidate_id; exclude withdrawn/duplicate; stage-based aggregation where applicable,"CNVR, recruiting, pipeline, hiring",Show by team to target coaching.
14.11,Recruiting & Staffing,Operational Performance,Interviewer Load Balance,Distribution of interviews per interviewer vs. target range.,count( interviewer_weeks within target ) / count( interviewer_weeks ),Weeks within target,All interviewer-weeks,,,,,,,ATS — Candidate Pipeline,,,,Event Date Within Period,COUNT distinct candidate_id; exclude withdrawn/duplicate; stage-based aggregation where applicable,"CNVR, recruiting, pipeline, hiring",Optional: show Gini coefficient alongside.
14.13,Recruiting & Staffing,Operational Performance,No-Show %,Share of scheduled interviews where the candidate or interviewer did not attend.,"count( interview_status in {No Show, Canceled Late} ) / count( scheduled_interviews )",No-shows and late cancels,Scheduled interviews,,,,,,,ATS — Candidate Pipeline,,,,Event Date Within Period,COUNT distinct candidate_id; exclude withdrawn/duplicate; stage-based aggregation where applicable,"CNVR, recruiting, pipeline, hiring",Track candidate vs interviewer separately.
14.13,Recruiting & Staffing,Operational Performance,No-Show %,Share of scheduled interviews where the candidate or interviewer did not attend.,"count( interview_status in {No Show, Canceled Late} ) / count( scheduled_interviews )",No-shows and late cancels,Scheduled interviews,,,,,,,ATS — Candidate Pipeline,,,,Event Date Within Period,COUNT distinct candidate_id; exclude withdrawn/duplicate; stage-based aggregation where applicable,"CNVR, recruiting, pipeline, hiring",Track candidate vs interviewer separately.
14.14,Recruiting & Staffing,Operational Performance,On-time Scorecards % (≤24h),Share of submitted scorecards received within 24 hours of interview end.,count( scorecard_submitted_dt - interview_end_dt ≤ 24h ) / count( scorecards ),On-time scorecards (≤24h),All scorecards,,,,,,,ATS — Candidate Pipeline,,,,Event Date Within Period,COUNT distinct candidate_id; exclude withdrawn/duplicate; stage-based aggregation where applicable,"CNVR, recruiting, pipeline, hiring",Break out by HM vs panel to target nudges.
14.15,Recruiting & Staffing,Operational Performance,Pass-through %: App → Screen,Share of applications that progress to recruiter screen.,count( moved_to_screen ) / count( applications ),Applications with screen date,Applications,,,,,,,ATS — Candidate Pipeline,,,,Event Date Within Period,COUNT distinct candidate_id; exclude withdrawn/duplicate; stage-based aggregation where applicable,"CNVR, recruiting, pipeline, hiring","Pass-throughs: Denominator = candidates who ENTERED the stage in the period; Numerator = those who LATER reached the next stage (allow lag across weeks).
Cohorting: Use apply week (App→Screen) and stage-entry week for all pass-through denominators; do not mix with event week."
14.16,Recruiting & Staffing,Operational Performance,Pass-through %: Final → Offer,Share of final loops that result in an offer.,count( offers.sent ) / count( final_loops ),Offers sent,Final loops,,,,,,,ATS — Candidate Pipeline,,,,Event Date Within Period,COUNT distinct candidate_id; exclude withdrawn/duplicate; stage-based aggregation where applicable,"CNVR, recruiting, pipeline, hiring","Pass-throughs: Denominator = candidates who ENTERED the stage in the period; Numerator = those who LATER reached the next stage (allow lag across weeks).
Cohorting: Use apply week (App→Screen) and stage-entry week for all pass-through denominators; do not mix with event week."
14.16,Recruiting & Staffing,Operational Performance,Pass-through %: Final → Offer,Share of final loops that result in an offer.,count( offers.sent ) / count( final_loops ),Offers sent,Final loops,,,,,,,ATS — Candidate Pipeline,,,,Event Date Within Period,COUNT distinct candidate_id; exclude withdrawn/duplicate; stage-based aggregation where applicable,"CNVR, recruiting, pipeline, hiring","Pass-throughs: Denominator = candidates who ENTERED the stage in the period; Numerator = those who LATER reached the next stage (allow lag across weeks).
Cohorting: Use apply week (App→Screen) and stage-entry week for all pass-through denominators; do not mix with event week."
14.17,Recruiting & Staffing,Operational Performance,Pass-through %: HM → Final,Share of HM interviews that progress to final loop.,count( moved_to_final ) / count( HM_interviews ),HM interviews with final date,HM interviews,,,,,,,ATS — Candidate Pipeline,,,,Event Date Within Period,COUNT distinct candidate_id; exclude withdrawn/duplicate; stage-based aggregation where applicable,"CNVR, recruiting, pipeline, hiring","Pass-throughs: Denominator = candidates who ENTERED the stage in the period; Numerator = those who LATER reached the next stage (allow lag across weeks).
Cohorting: Use apply week (App→Screen) and stage-entry week for all pass-through denominators; do not mix with event week."
14.18,Recruiting & Staffing,Operational Performance,Pass-through %: Offer → Hire,Share of offers that result in a hire.,count( hires ) / count( offers.sent ),Hires,Offers sent,,,,,,,ATS — Candidate Pipeline,,,,Event Date Within Period,COUNT distinct candidate_id; exclude withdrawn/duplicate; stage-based aggregation where applicable,"CNVR, recruiting, pipeline, hiring","Pass-throughs: Denominator = candidates who ENTERED the stage in the period; Numerator = those who LATER reached the next stage (allow lag across weeks).
Cohorting: Use apply week (App→Screen) and stage-entry week for all pass-through denominators; do not mix with event week."
14.19,Recruiting & Staffing,Operational Performance,Pass-through %: Screen → HM,Share of screens that progress to HM interview.,count( moved_to_HM ) / count( screens ),Screens with HM date,Screens,,,,,,,ATS — Candidate Pipeline,,,,Event Date Within Period,COUNT distinct candidate_id; exclude withdrawn/duplicate; stage-based aggregation where applicable,"CNVR, recruiting, pipeline, hiring","Pass-throughs: Denominator = candidates who ENTERED the stage in the period; Numerator = those who LATER reached the next stage (allow lag across weeks).
Cohorting: Use apply week (App→Screen) and stage-entry week for all pass-through denominators; do not mix with event week."
14.19,Recruiting & Staffing,Operational Performance,Pass-through %: Screen → HM,Share of screens that progress to HM interview.,count( moved_to_HM ) / count( screens ),Screens with HM date,Screens,,,,,,,ATS — Candidate Pipeline,,,,Event Date Within Period,COUNT distinct candidate_id; exclude withdrawn/duplicate; stage-based aggregation where applicable,"CNVR, recruiting, pipeline, hiring","Pass-throughs: Denominator = candidates who ENTERED the stage in the period; Numerator = those who LATER reached the next stage (allow lag across weeks).
Cohorting: Use apply week (App→Screen) and stage-entry week for all pass-through denominators; do not mix with event week."
14.20,Recruiting & Staffing,Operational Performance,"Time-to-Hire (days, median)",Calendar days from application submission to offer acceptance (or hire) for filled requisitions.,median( offer_accepted_dt - application_dt ),Offer accepted dates,Applications with accepted offers,,,,,,,ATS — Candidate Pipeline,,,,Event Date Within Period,COUNT distinct candidate_id; exclude withdrawn/duplicate; stage-based aggregation where applicable,"CNVR, recruiting, pipeline, hiring","If using 'hire_dt' instead of 'offer_accepted_dt', note in version."
14.21,Recruiting & Staffing,Operational Performance,"Time-to-Schedule (hours, median)",Hours from interview request creation to first scheduled interview start time.,median( interview_start_dt - interview_request_dt ) * 24,Scheduled interview start times,Interview requests,,,,,,,ATS — Candidate Pipeline,,,,Event Date Within Period,COUNT distinct candidate_id; exclude withdrawn/duplicate; stage-based aggregation where applicable,"CNVR, recruiting, pipeline, hiring",Use UTC or local consistently.
14.01,Recruiting & Staffing,Operational Performance,Rehire Rate,Rehires as a percentage of total external hires.,(Rehires / External Hires) *100,Rehires,External Hires ,,"Useful for organizations that have specific initiatives around rehires, such as alumni tracking processes or alumni networks.",,,,Rehire Rate indicates the percentage of external hires during the period that are former employees of the organization.,ATS — Candidate Pipeline,,,,Event Date Within Period,COUNT distinct candidate_id; exclude withdrawn/duplicate; stage-based aggregation where applicable,"recruiting, pipeline, hiring",
14.02,Recruiting & Staffing,Operational Performance,Recruitment Source Ratio (Internal vs External),Number of internal hires for every external hire.,Internal Hires / External Hires,Internal Hires,External Hires ,,"For one reason or another the organization may wish to tilt recruitment toward hiring internally or externally or may have a specific ratio in mind. Reasons include reducing recruitment expenses, increasing hiring quality, increasing retention rates, increasing internal development opportunities, etc.",,,,"A recruitment ratio of four means that the organization has made four internal placements to vacant positions for every one external hire. Internal hires are often calculated to include all internal movements, such as transfers, promotions, and demotions.",ATS — Candidate Pipeline,,,,Event Date Within Period,COUNT distinct candidate_id; exclude withdrawn/duplicate; stage-based aggregation where applicable,"recruiting, pipeline, hiring","reducing recruitment expenses, increasing hiring quality, increasing retention rates, increasing internal development opportunities, etc."
14.03,Recruiting & Staffing,Operational Performance,Recruitment Source Breakdown (%of Total),"Distribution of external hires by recruitment source, including referral, rehire, agency, etc.",(External Hires.[Source Group] / External Hires ) *100,External Hires.[Source Group],External Hires ,,"Determining the % of hiring by source. For one reason or another the organization may wish to tilt recruitment toward particular sources. Reasons may include reducing recruitment expenses, increasing hiring quality, increasing retention rates, etc.",,Employee Satisfaction: Retention,,,ATS — Candidate Pipeline,,,,Event Date Within Period,COUNT distinct candidate_id; exclude withdrawn/duplicate; stage-based aggregation where applicable,"recruiting, pipeline, hiring","reducing recruitment expenses, increasing hiring quality, increasing retention rates, etc."
14.04,Recruiting & Staffing,Operational Performance,New Position Recruitment Ratio (New role vs backfill),"Ratio of new position hires to replacement hires, including internal and external hires.",Hires.New Positions / Hires.Replacement Positions,Hires.New Positions,Hires.Replacement Positions,,rate of change of job roles.,,,,"New Position Recruitment Ratio compares the number of newly created positions to the number of replacement positions during a period. In other words, across all the organization's hires, how many are into new positions and how many are replacing people who have terminated or transferred out of existing positions? A result of this measure of .5 indicates there was one new position hire for every two replacement position hires during the period.",ATS — Candidate Pipeline,,,,Event Date Within Period,COUNT distinct candidate_id; exclude withdrawn/duplicate; stage-based aggregation where applicable,"recruiting, pipeline, hiring",
14.05,Recruiting & Staffing,Operational Performance,New Position Recruitment Rate (New role hires %of headcount),"Hires into newly created positions (including internal and external hires), as a percentage of average headcount.",(Hires.New Positions / Average Headcount) * 100,Hires.New Positions,Average Headcount,,rate of change of job roles.,,,,"New Position Recruitment Rate shows the number of newly created positions in relation to the size of the workforce. A ""new position"" is not necessarily one for which the title and the role have never existed before filling a new position may mean expanding a group of four analysts to become five analysts, or it may mean creating a Marketing Analyst position whose title did not previously exist for the organization.",ATS — Candidate Pipeline,,,,Event Date Within Period,COUNT distinct candidate_id; exclude withdrawn/duplicate; stage-based aggregation where applicable,"recruiting, pipeline, hiring",
14.06,Recruiting & Staffing,Operational Performance,Net Hire Ratio (Hire:Termination),The number of external hires for every termination during the reporting period.,External Hires / Terminations,External Hires  ,Terminations,,Monitoring headcount levels over time in support of cost management initiatives or growth strategies.,,,,Net Hire Ratio measures the total number of external hires that replace terminated employees.,ATS — Candidate Pipeline,,,,Event Date Within Period,COUNT distinct candidate_id; exclude withdrawn/duplicate; stage-based aggregation where applicable,"recruiting, pipeline, hiring",
14.07,Recruiting & Staffing,Operational Performance,External Hire Rate (%of Headcount),External hires as a percentage of average headcount during the reporting period.,(External Hires / Average Headcount) * 100,External Hires  ,Average Headcount,,,,,,"This measure is used to monitor ""churn"" of the workforce, the rate at which employees are entering the organization, and the hiring volume as an outcome of recruitment activities.",ATS — Candidate Pipeline,,,,Event Date Within Period,COUNT distinct candidate_id; exclude withdrawn/duplicate; stage-based aggregation where applicable,"recruiting, pipeline, hiring",
14.08,Recruiting & Staffing,Sentiment & Experience,Candidate NPS,Net Promoter Score from post-process survey on 0–10 scale.,(count(9–10) − count(0–6)) / count(all) * 100,Promoters − detractors,All responses,,,,,,,ATS — Candidate Pipeline,,,,Event Date Within Period,COUNT distinct candidate_id; exclude withdrawn/duplicate; stage-based aggregation where applicable,"recruiting, pipeline, hiring",Report separately by hired vs. not hired.
14.12,Recruiting & Staffing,Operational Performance,Meeting Hours / FTE (weekly),Sum of meeting hours per FTE per week in pilot functions.,sum( meeting_duration_hrs ) / count( FTE ),Meeting hours,FTE count,,,,,,,ATS — Candidate Pipeline,,,,Event Date Within Period,COUNT distinct candidate_id; exclude withdrawn/duplicate; stage-based aggregation where applicable,"recruiting, pipeline, hiring",Use consistent working-hours definition.
14.22,Recruiting & Staffing,Decision Integrity,Decision Consistency Rate,Measures how consistently similar candidate profiles receive the same screening decision across reviewers. Why it matters: High variation indicates unstable application of judgment.,Count of candidates whose final screening decision matches the majority decision within their requisition and score band / Total number of candidates evaluated within the same requisition and screening score band.,Count of candidates whose final screening decision matches the majority decision within their requisition and score band.,Total number of candidates evaluated within the same requisition and screening score band.,,Screening A[i]gent Governance Dashboard,,,Screening A[i]gent,High variation indicates unstable application of judgment. Lower rates indicate inconsistent application of rubric-driven decisions and potential human override drift. Persistent instability signals need for calibration review or rubric refinement.,ATS — Candidate Pipeline,,,,Event Date Within Period,COUNT distinct candidate_id; exclude withdrawn/duplicate; stage-based aggregation where applicable,"recruiting, pipeline, hiring",
14.23,Recruiting & Staffing,Decision Integrity,Rubric Adherence Rate,Measures how often screening decisions align with defined must-have criteria and scoring thresholds. Example: Candidate scores 82; threshold is 75; decision = Reject → misalignment. Why it matters: Ensures screening decisions reflect agreed standards.,,,,,,,,,,ATS — Candidate Pipeline,,,,Event Date Within Period,COUNT distinct candidate_id; exclude withdrawn/duplicate; stage-based aggregation where applicable,"recruiting, pipeline, hiring",
14.24,Recruiting & Staffing,Decision Integrity,Screening Predictive Strength,"Measures whether screening score bands meaningfully differentiate downstream candidate performance. Example: Strong band → 70% pass HM screen, Borderline → 35%, Weak → 10% = strong (equal rates across bands = weak signals | Why it matters: Indicates whether screening produces real signal or noise.",,,,,,,,,,ATS — Candidate Pipeline,,,,Event Date Within Period,COUNT distinct candidate_id; exclude withdrawn/duplicate; stage-based aggregation where applicable,"recruiting, pipeline, hiring",
14.25,Recruiting & Staffing,Decision Integrity,Early False Negative Risk,Estimates the likelihood that candidates meeting rubric criteria were rejected during screening. Why it matters: Identifies hidden talent loss.,,,,,,,,,,ATS — Candidate Pipeline,,,,Event Date Within Period,COUNT distinct candidate_id; exclude withdrawn/duplicate; stage-based aggregation where applicable,"recruiting, pipeline, hiring",
14.26,Recruiting & Staffing,Decision Integrity,Calibration Stability,"Measures whether screening thresholds shift across time or reviewers. Example: Q1 threshold = 70, Q3 threshold = 80 → drift | Why it matters: Prevents silent tightening or loosening of standards. Indicates demand exceeds resources.",,,,,,,,,,ATS — Candidate Pipeline,,,,Event Date Within Period,COUNT distinct candidate_id; exclude withdrawn/duplicate; stage-based aggregation where applicable,"recruiting, pipeline, hiring",
15.01,Recruiting & Staffing,Cost Efficiency,Turnover Cost Rate - < 1-Year Tenure %,Cost of turnover for employees with less than one year of tenure as a percentage of the total turnover cost.,Total Termination Value.< 1-Year Tenure / Total Termination Value,Total Termination Value.< 1-Year Tenure,Total Termination Value,,Staffing Effectiveness | Cost of low tenure employee attrition. Also as a measure of staffing effectiveness.,,,,"Turnover Cost Rate—< 1-Year Tenure measures the percentage of termination costs that come from employees with less than one year of tenure. While this measure does not indicate whether turnover costs among low-tenure employees is high or low, it does indicate the extent to which the turnover costs are driven by low-tenure employees. A result of 40% means that 40% of all termination costs are from these low-tenure employees. Most organizations experience their highest turnover among low-tenure employees. Low-tenure terminations carry with them similar costs and productivity losses to other terminations. However, low-tenure terminations might also signal potential failures of recruiting and onboarding processes. Therefore, New Hire Turnover Contribution can help an employer to approximate the magnitude of turnover costs driven by recruiting and onboarding issues as compared to other potential turnover issues. The higher the result for this measure, the greater the volume of turnover costs that might be prevented through recruiting and onboarding improvement.",ATS — Candidate Pipeline,,,,Event Date Within Period,COUNT distinct candidate_id; exclude withdrawn/duplicate; stage-based aggregation where applicable,"recruiting, pipeline, hiring",
15.02,Recruiting & Staffing,Outcome & Impact,New Hire Turnover Contribution (%Terminations) ,Terminations of short-tenure employees as a percentage of total terminations during the reporting period.,(Terminations.Short Tenure / Terminations) * 100,#Terminations.Short Tenure ,#Terminations,,Employee turnover analysis,,Recruitment Process: Candidate Experience,,"New Hire Turnover Contribution measures the percentage of terminations that come from “short-tenure” employees. While this measure does not indicate whether turnover among short-tenure employees is high or low, it does indicate the extent to which the turnover experienced by the organization comes from short-tenure employees. A result of 30% means that 30% of all terminations were of employees with short tenure.",ATS — Candidate Pipeline,,,,Event Date Within Period,COUNT distinct candidate_id; exclude withdrawn/duplicate; stage-based aggregation where applicable,"recruiting, pipeline, hiring",
15.03,Recruiting & Staffing,Cost Efficiency,Sign-On Bonus Rate (%External Hires),Percentage of external hires receiving a sign-on bonus.,(External Hires.Sign-On Bonus / External Hires) * 100,External Hires.Sign-On Bonus ,External Hires ,,Measurement of the usage of Sign-On Bonuses.,,,,,ATS — Candidate Pipeline,,,,Event Date Within Period,COUNT distinct candidate_id; exclude withdrawn/duplicate; stage-based aggregation where applicable,"recruiting, pipeline, hiring",
15.04,Recruiting & Staffing,Operational Performance,Referral Rate (%Submitted),Referrals submitted divided by average headcount in period.,(Referrals / Average Headcount) * 100 | count( referrals ) / avg( headcount ),Referrals submitted,Average Headcount,,Measurement of the Referral Program.,,,,,ATS — Candidate Pipeline,,,,Event Date Within Period,COUNT distinct candidate_id; exclude withdrawn/duplicate; stage-based aggregation where applicable,"recruiting, pipeline, hiring",Segment by department and location.
15.06,Recruiting & Staffing,Cost Efficiency,Recruitment Expense Breakdown %,"Distribution of recruitment expenses by type, such as travel, advertising, compensation, etc. | Share of total recruiting expense by expense type.",(Recruitment Expense.[Type] / Recruitment Expense) * 100 | sum( expense_amount where type=T ) / sum( expense_amount ),Recruitment Expense.[Type],Total Recruiting Expense,,"recruiting costs Isolating and wish to monitor the relative magnitude of direct costs, such as relocation allowances and agency fees.",,,,"Recruitment costs include direct costs of filling positions, such as advertising costs, agency fees, travel reimbursement of candidates or interviewers, screening tests, and relocation allowances. Recruitment costs are also likely to include the overhead costs of running a recruiting function, such as the salaries of recruiters, the costs of maintaining a resume bank, the costs of sending communications or printing collateral, etc. In addition, recruitment expenses can include indirect productivity costs of hiring managers and other called upon to interview candidates, though such costs are difficult to quantify.",ATS — Candidate Pipeline,,,,Event Date Within Period,COUNT distinct candidate_id; exclude withdrawn/duplicate; stage-based aggregation where applicable,"recruiting, pipeline, hiring",Useful for channel ROI and budget planning.
15.07,Recruiting & Staffing,Cost Efficiency,Recruitment Cost per Hire,"Recruitment expense per hire, including internal and external hires. | Total recruitment expense divided by number of hires.",Recruitment Expense / Hires | sum( recruiting_expense ) / count( hires ),Total recruiting expense,Hires,,Measurement of recruiting efficiency. | ,,,,"advertising costs, agency fees, travel reimbursement of candidates or interviewers, screening tests, and relocation allowances. Recruitment costs are also likely to include the overhead costs of running a recruiting function, such as the salaries of recruiters, the costs of maintaining a resume bank, the costs of sending communications or printing collateral, etc. In addition, recruitment expenses can include indirect productivity costs of hiring managers and other called upon to interview candidates, though such costs are difficult to quantify.",ATS — Candidate Pipeline,,,,Event Date Within Period,COUNT distinct candidate_id; exclude withdrawn/duplicate; stage-based aggregation where applicable,"recruiting, pipeline, hiring","Break out by channel (ads, agency, tools, events)."
15.08,Recruiting & Staffing,Outcome & Impact,On-Time Talent Delivery Factor (days per accepted offer),"Average number of days that hired employee start dates differ from requisition need-by dates. | Average deviation in days between need-by date and offer acceptance date; negative = early, positive = late.",Total Days Deviation from Need-By Date / Offers.Accepted | avg( offer_accepted_dt - need_by_dt ),Total Days Deviation from Need-By Date | Sum of (accepted_dt - need_by_dt),Offers accepted,,Staffing timeliness  measurement,,,,"A result of -2,5 for On-Time Delivery Factor indicates that, on average, hires start two and a half days prior to their need-by dates. A result of 4.0 indicates that, on average, hires start four days after their need-by dates.",ATS — Candidate Pipeline,,,,Event Date Within Period,COUNT distinct candidate_id; exclude withdrawn/duplicate; stage-based aggregation where applicable,"recruiting, pipeline, hiring",Report distribution (p50/p75/p90). A value >0 indicates late delivery.
15.12,Recruiting & Staffing,Outcome & Impact,New Hire Failure Factor (90-day),Terminations of low-tenure employees as a percentage of total hires during the reporting period. | Share of external hires who exit within 90 days of start.,(Terminations.Short Tenure / External Hires) * 100 | count( terminations_short_tenure ) / count( external_hires ),Terminations.Short Tenure | Terminations within 90 days,External hires,Measure alignment between the organization’s value proposition and employee preferences to optimize offer design.,staffing effectiveness. ,,,,,ATS — Candidate Pipeline,,,,Event Date Within Period,COUNT distinct candidate_id; exclude withdrawn/duplicate; stage-based aggregation where applicable,"recruiting, pipeline, hiring","Define 'short tenure' window explicitly (e.g., ≤90 days). As an alternative to viewing termination rates within various tenure levels, New Hire Tenure instead compares ""short tenure"" terminations to the number of external hires made within the period."
3.05,Compenstion & Benefits,Cost Efficiency,Stock Equity Incentive Value Per Employee,The average value of equity incentives granted or earned per eligible employee.,Equity Incentive Value / Average Headcount.Equity Incentive Eligible,Equity Incentive Value,Average Headcount.Equity Incentive Eligible,"Measures the average equity compensation value allocated per eligible employee to evaluate ownership intensity, capital allocation strategy, and long-term incentive design.",,Rewards Strategy,Allocation strategy (design),,"Equity Incentive Value per Employee indicates the value of stock incentives granted to or earned by each eligible employee over the course of the period, using Black-Scholes or other valuation techniques. Stock incentives may include stock options, restricted stock, stock appreciation rights, performance shares, or other compensation related to equity. A value of $10,000 indicates that on average those eligible for an equity incentive received incentives valued at $10,000.",Equity Admin — Grants Ledger,Grant Fair Value | Grant Date | Employee ID | Eligibility Flag,Compensation Fact Table,Equity_Grant_Value | Eligible_Headcount | Reporting_Period,Period-Based (Grant Date within reporting period),"Sum Equity_Grant_Value for period | Filter where Eligibility = True | Calculate Average Eligible Headcount over period | Divide total grant value by average eligible headcount | Important: If using fair value estimates (Black-Scholes), document that assumption.","compensation, equity, long_term_incentive, ownership, reward_strategy, capital_allocation","Capital Allocation Question: Are we allocating equity capital efficiently across the workforce? Incentive Strategy Question Is our equity strategy aligned with our retention and performance goals? Talent Attraction Question: Is our equity value competitive enough to attract high-impact talent? Risk & Dilution Question: Are we over-concentrating equity and increasing long-term dilution risk? Internal Equity Question: Are certain levels, roles, or functions disproportionately receiving equity? | Fair value may vary based on valuation method. Private vs public company valuation logic should be documented."
3.02,Compenstion & Benefits,Operational Performance,Stock Incentive Eligibility Rate (%of Workforce),The percentage of employees eligible to receive stock-based incentives.,(End of Period Headcount.Stock Incentive Eligible / End of Period Headcount) *100,End of Period Headcount.Stock Incentive Eligible,End of Period Headcount,,,,,,A value of 30 indicates that 30% of employees are eligible to receive stock-based incentives.,Equity Admin — Grants Ledger,,,,End-of-Period Snapshot,SUM value; divide by eligible headcount where applicable,"compensation, rewards",
3.06,Compenstion & Benefits,Operational Performance,Stock Options Average Per Employee (#Amount),The average number of stock options granted per eligible employee during the period.,(Stock Options.Granted / Average Headcount.Stock Option Eligible) * 100,#Stock Options.Granted,#Average Headcount.Stock Option Eligible,,,,,,"A result of 30 means that employees eligible to receive stock options received 30 options, on average, during the period.",Equity Admin — Grants Ledger,,,,End-of-Period Snapshot,SUM value; divide by eligible headcount where applicable,"compensation, rewards",
3.03,Compenstion & Benefits,Outcome & Impact,Stock Options Exercised Per Employee (#Amount),Average number of stock options exercised per option-eligible employee.,Stock Options.Exercised / End of Period Headcount.Stock Option Eligible,Stock Options.Exercised,End of Period Headcount.Stock Option Eligible,"Measures the average equity compensation value allocated per eligible employee to evaluate ownership intensity, capital allocation strategy, and long-term incentive design.",,Rewards Effectiveness,Option Exercise Behavior,,A value of 100 indicates that on average eligible employees exercised 100 stock options during the reporting period.,Equity Admin — Transactions Ledger,"Options_Exercised_Count, Exercise_Date, Employee_ID, Eligibility_Status",Compensation Fact Table,"Options_Exercised, Eligible_Headcount, Reporting_Period",Exercise Date within reporting period,Count total Options_Exercised during period | Calculate Eligible Headcount at end of period | Divide exercised count by eligible headcount,"compensation, equity, utilization, reward_effectiveness, retention_signal, liquidity_behavior",• Does offering equity actually create realized value? • Is equity functioning as a meaningful retention lever? • Are employees extracting value or leaving it unexercised? • Are we over-designing a reward that employees don’t meaningfully use
7.02,HR Service Delivery,Operational Performance,Self-Service Penetration Rate,HR transactions conducted via self-service as a percentage of the total number of HR transactions.,(HR Transactions Conducted via Self-Service / Number of HR Transactions) *100,HR Transactions Conducted via Self-Service,Number of HR Transactions,,,,,,,Finance — Cost Centers,,,,Event Date Within Period,COUNT distinct ticket_id; filter closed status where applicable; calculate resolution time where relevant,"hr_operations, service_delivery, sla, case_management",
7.08,HR Service Delivery,Cost Efficiency,HR Technology Expense Rate,HR technology expense as a percentage of total organization technology expense.,(HR Expense.Technology / Technology Expense) * 100,HR Expense.Technology,Technology Expense,,,,,, A result of 10% means that HR technology expenses make up 10% of total technology expenses.,Finance — Cost Centers,,,,Event Date Within Period,,"hr_operations, service_delivery, sla, case_management",
7.11,HR Service Delivery,Cost Efficiency,HR Operating Expense Rate,HR expense as a percentage of all operating expenses.,HR Expense / Operating Expense * 100,HR Expense,Operating Expense,,,,,,"HR Operating Expense Rate measures the percentage of total operating expenses that are attributed to the HR function. This measure indicates the organization’s relative investment in the HR function as compared with other operating activities. A result of 2%, for example, means that HR expenses represent 2% of the organization’s total operating expenses.",Finance — Cost Centers,,,,Event Date Within Period,,"hr_operations, service_delivery, sla, case_management",
7.12,HR Service Delivery,Cost Efficiency,HR Expense Per FTE,HR expense per full-time equivalent employee.,HR Expense / FTE,HR Expense,#FTE,,,,,,"HR Expense per FTE measures the expenses associated with operating the HR function (including outsourcing costs) relative to the size of the workforce and indicates the relative investment in the HR function by the organization. A result of $3,000 means that HR expenses equate to $3,000 per full-time equivalent employee.",Finance — Cost Centers,,,,Event Date Within Period,,"hr_operations, service_delivery, sla, case_management",
7.13,HR Service Delivery,Cost Efficiency,HR Expense Breakdown by Type,Distribution of HR expense by expense type.,HR Expense.[Expense Type] / HR Expense * 100,HR Expense.[Expense Type],HR Expense,,,,,,"Graphically, the data are presented as a percentage of total HR expenses, i.e., a stacked bar graph. Included in this metric are expenses from those functions that have an identifiable organizational connection to the Human Resources department. The expense types that constitute HR operating expenses would include: Compensation and Benefits of HR Staff, Training Investment for HR Employees, Facilities and Overhead, Travel Expenses, Technology, Outsourcing, Consultancy, Agency Costs",Finance — Cost Centers,,,,Event Date Within Period,COUNT distinct ticket_id; filter closed status where applicable; calculate resolution time where relevant,"hr_operations, service_delivery, sla, case_management",
7.14,HR Service Delivery,Cost Efficiency,HR Expense Breakdown by Fuction,Distribution of HR expense by HR function.,HR Expense.[HR Function] / HR Expense * 100,HR Expense.[HR Function],HR Expense,,,,,,"Graphically, the data are presented as a percentage of total HR expenses, i.e., a stacked bar graph. Included in this metric are expenses from those functions that have an identifiable organizational connection to the Human Resources department. Expenses might include staff compensation and benefits, travel, technology, training, and other operating costs. HR functions may be considered in terms of “core” and “noncore.”  Core HR functions, those that typically fall into HR’’s area of responsibility, include: Compensation and Benefits, Staffing/Recruiting, Learning and Development, Generalists/Line Support, Industrial and Employee Relations, HR Policy, Strategy, and Organization Development, HR Function Management and Administration | Noncore functions, those that frequently report through other organizational areas, include: Payroll, Diversity, performance management, HR information management, occupational health and safety",Finance — Cost Centers,,,,Event Date Within Period,COUNT distinct ticket_id; filter closed status where applicable; calculate resolution time where relevant,"hr_operations, service_delivery, sla, case_management",
7.16,HR Service Delivery,Operational Performance,HR Staffing Coverage Ratio,Number of total organization employees per HR full-time equivalent employee.,Average Headcount / HR FTE,Average Headcount,HR FTE,,,,,,Number of total organization employees per HR full-time equivalent employee.,HRIS – Attendance Ledger,,,,Event Date Within Period,COUNT distinct ticket_id; filter closed status where applicable; calculate resolution time where relevant,"hr_operations, service_delivery, sla, case_management",
7.17,HR Service Delivery,Operational Performance,HR Staffing Breakdown,Percentage breakdown of HR employees by HR functional area.,(HR End of Period Headcount.[Function] / HR End of Period Headcount) * 100,HR End of Period Headcount.[Function],HR End of Period Headcount,,,,,,"HR Staffing Breakdown provides the percentages of the Human Resources workforce within each HR function, such as recruitment, compensation and benefits, learning and development, payroll, generalist/line support, etc. HR function is based on the work the employee supports, which may or may not correspond precisely to organizational units. Graphically, the data are presented as a percentage of the total HR workforce, i.e., a stacked bar graph.",HRIS — Employee Snapshot,,,,Event Date Within Period,COUNT distinct ticket_id; filter closed status where applicable; calculate resolution time where relevant,"hr_operations, service_delivery, sla, case_management",
12.02,Performance Management,Operational Performance,Self Review Rate (%of Workforce),Percentage of employees whose performance is appraised using a self-review.,(End of Period Headcount.Self Reviews / End of Period Headcount.Eligible for Self Review) * 100,End of Period Headcount Self Reviews,End of Period Headcount.Eligible for Self Review,,Measurement of compliance to the Performance Appraisal process.,,,," For example, a result of 70% means that 70% of the employees eligible to complete a self review actually completed one.",HRIS – Perfromance Management,,,,End-of-Period Snapshot,AVG rating; filter completed reviews,performance,
12.03,Performance Management,Operational Performance,Performance Contingent Pay Prevalence (%of Workforce),Percentage of employees whose total compensation is at least in part dependent on individual performance.,(End of Period Headcount.Performance Contingent Compensation / End of Period Headcount) * 100,End of Period Headcount.Performance Contingent Compensation,End of Period Headcount.,,Measurement of the penetration of performance-based pay.,,,,Performance contingent pay can be wage or bonus compensation that is dependent on individual performance.,HRIS – Perfromance Management,,,,End-of-Period Snapshot,AVG rating; filter completed reviews,performance,
12.04,Performance Management,Cost Efficiency,Performance-Based Pay Differential,Ratio of the direct compensation (cash compensation) of high performers to the direct compensation of non-high performers., Average Direct Compensation.High Performers / Average Direct Compensation.Non-High Performers,Average Direct Compensation.High Performers,Average Direct Compensation.Non-High Performers,,Measuring the pay differential by performance.,,,,"Performance-Based Pay Differential answers the question, “How much more do high performers earn than others?” It does so by comparing the direct compensation, including wages, bonus, and other cash compensation, of high performers to that of non-high performers. A result of 1.5 indicates that high performers earn $1.50 of direct compensation for every $1.00 earned by non–high performers.",HRIS – Perfromance Management,,,,End-of-Period Snapshot,AVG rating; filter completed reviews,performance,
12.05,Performance Management,Outcome & Impact,Performance Rating Distribution,Distribution of performance appraisal occurrences by appraisal rating.,(Performance Appraisal Occurrences.[Rating] / Performance Appraisal Occurrences) * 100,Performance Appraisal Occurrences.[Rating],Performance Appraisal Occurrences.,,Measurement of the Performance Rating Distribution. Useful for comparing one employee segment to another.,,,,"Performance Rating Distribution provides the percentages of performance appraisal occurrences that result in various ratings. Graphically, the data are presented as a percentage of Performance Appraisal Participants, i.e., a stacked bar graph.",HRIS – Perfromance Management,,,,End-of-Period Snapshot,AVG rating; filter completed reviews,performance,
12.06,Performance Management,Operational Performance,Performance Appraisal Particiation Rate,Percentage of eligible employees who have received a performance appraisal during the reporting period.,(End of Period Headcount.Appraisal Eligible.Performance Appraisal / End of Period Headcount.Appraisal Eligible) * 100,End of Period Headcount.Appraisal Eligible.Performance Appraisal,End of Period Headcount.Appraisal Eligible.,,Measurement of compliance to the Performance Appraisal process.,,,,"For example, a result of 80% means that 80% of eligible employees actually received an appraisal during the period.",HRIS – Perfromance Management,,,,End-of-Period Snapshot,AVG rating; filter completed reviews,performance,
12.07,Performance Management,Operational Performance,Peer Review Rate,Employees whose performance is appraised in part through peer reviews as a percentage of eligible employees.,(End of Period Headcount.Peer Review / End of Period Headcount. Eligible for Peer Review) * 100,End of Period Headcount. Peer Review,End of Period Headcount. Eligible for Peer Review,,Measurement of compliance with the performance appraisal process.,,,,"For example, a result of 70% means that 70% of the employees eligible to receive a peer review actually received one. Results will tend to vary based on whether the practice is considered to be a mandatory component of the performance review process or a voluntary practice that may be instituted by individual managers. High results for this measure indicate that there are high compliance or adoption rates for the peer review practice.",HRIS – Perfromance Management,,,,End-of-Period Snapshot,AVG rating; filter completed reviews,performance,
12.08,Performance Management,Outcome & Impact,High Performer Growth Rate,Percentage of performance appraisal participants whose rating improved to a “high” rating from a previous rating that was less than “high.”,(Performance Appraisal Participants.Rating High / Performance Appraisal Participants.Previous Rating Non-High) * 100,Performance Appraisal Participants.Rating High,Performance Appraisal Participants.Previous Rating Non-High,,"Measurement of Performance Appraisal Upgrades for purposes determining the effectiveness of the performance appraisal system, identifying managers able to effect high levels of employee performance improvement, and/or successful employee development efforts.",,,,,HRIS – Perfromance Management,,,,End-of-Period Snapshot,AVG rating; filter completed reviews,performance,
12.09,Performance Management,Outcome & Impact,Employee Upgrade Rate,Percentage of performance appraisal participants receiving a higher rate than the previous rating.,(Performance Appraisal Participants.Rating Increase / Performance Appraisal Participants) * 100,Performance Appraisal Participants.Rating Increase,Performance Appraisal Participants,,Measurement of Performance Appraisal Upgrades for purposes determining the effectiveness of the performance appraisal system and/or employee development efforts.,,,,"For example, a result of 15% means that 15% of employees received a higher rating in the current period than in their previous appraisal. When performance is accurately assessed and ratings are accurately applied, this measure can offer an indication of whether employees are improving their performance and where pockets of improved performance can be found. Management may also find it useful to monitor rating increases because of their effects on bonus or other compensation plans, or any other programs linked to performance ratings.",HRIS – Perfromance Management,,,,End-of-Period Snapshot,AVG rating; filter completed reviews,performance,
12.10,Performance Management,Outcome & Impact,Employee Turnaround Rate,Percentage of employees receiving a poor performance rating at their preceding review whose rating increased during the period.,(Performance Appraisal Participants.Previous Rating Low.Rating Increase / Performance Appraisal Participants.Previous Rating Low) * 100,Performance Appraisal Participants.Previous Rating Low.Rating Increase,Performance Appraisal Participants.Previous Rating Low,,Measurement of the organizations ability to improve poor performance using the performance appraisal system and/or specific employee development initiatives.,,,,"For example, a result of 20% indicates that 20% of employees who were low-rated at their previous review received a non-low rating at their most recent review. Assuming performance ratings are judged and applied accurately, this measure provides an indication of the improvement an organization is able to effect in low performers. Turnarounds may be attributed to changes employees make in their own performance, changes driven by managerial focus and coaching, changes driven by training, or a combination of these.",HRIS – Perfromance Management,,,,End-of-Period Snapshot,AVG rating; filter completed reviews,performance,
4.02,Learning & Development,Outcome & Impact,Staffing Rate - High Potential (% of Workforce),Percentage of the workforce designated as high potential.,(End of Period Headcount.High Potential / End of Period Headcount) * 100,End of Period Headcount.High Potential,End of Period Headcount,,,,,,,HRIS – Training,,,,Event Date Within Period,COUNT completions; AVG hours per employee,"learning, development",
4.04,Learning & Development,Outcome & Impact,Educational Attainment Breakdown ,"Distribution of headcount by employees’ educational attainment, e.g., high school, university, advanced degree, etc.",(End of Period Headcount.[Degree Level] / End of Period Headcount) * 100,End of Period Headcount.[Degree Level],End of Period Headcount,,Workforce characteristics - education level,,,,"Educational Attainment Breakdown depicts the percentages of the workforce that have reached various educational levels. Graphically, these data are presented as a percentage of the total workforce, i.e., a stacked bar graph. The measure provides information about the percentage of the workforce that has achieved a particular level of degree, as well as the overall distribution of educational attainment throughout the workforce.",HRIS – Training,,,,Event Date Within Period,COUNT completions; AVG hours per employee,"learning, development",
4.05,Learning & Development,Operational Performance,Development Program Penetration Rate,Percentage of eligible employees participating in development programs.,(Development Program Participants / End of Period Headcount.Eligible for Development Programs) * 100,#Development Program Participants,E#nd of Period Headcount.Eligible for Development Programs,,Development Program Participation %,,Employee Satisfaction: Engagement,,"Such programs may relate to developing supervisory skills, acquiring multifunctional skills through rotations, participating in mentoring or networking, or other developmental activities. This measure provides an organization with a report of how extensively the eligible workforce participates in such programs.",HRIS – Training,,,,Event Date Within Period,COUNT completions; AVG hours per employee,"learning, development",
9.06,Learning & Development,Operational Performance,LDP - Leadership Dev Plan Prevalence Rate,Percentage of managers with Leadership Development Plans in place.,(End of Period Headcount.Manager.LDP / End of Period Headcount.Manager) *100,End of Period Headcount.Manager.LDP,End of Period Headcount.Manager,,,,,,"LDPs might contain planned or recommended steps for a leader related to executive coaching, training courses, supervisory experience, experience in new functions or business lines, mentoring, and other key developmental areas. The plan is targeted toward the leadership competencies or personal skills that have been identified as in need of improvement or generally beneficial to all leaders.",HRIS – Training,,,,Event Date Within Period,COUNT completions; AVG hours per employee,"learning, development",
16.01,Learning & Development,Cost Efficiency,Training Total Compensation Expense Rate,Training expense as a percentage of total compensation expense.,(Training Expense / Total Compensation Expense) * 100,Training Expense,Total Compensation Expense,,,,,,,HRIS – Training,,,,Event Date Within Period,COUNT completions; AVG hours per employee,"learning, development",
16.02,Learning & Development,Operational Performance,Training Staff Ratio,Number of employees for every full-time equivalent training function employee.,Average Headcount / FTE.Training Function,Average Headcount,FTE.Training Function,,,Candidate Experience Analysis,,,"A result of 1,000 means that there are 1,000 employees in the organization for every full-time equivalent training staff member.",HRIS – Training,,,,Event Date Within Period,COUNT completions; AVG hours per employee,"learning, development",
16.03,Learning & Development,Sentiment & Experience,Training Quality,A relative measure of the effectiveness of training courses.,Survey,Survey,Survey,Assess perceived effectiveness of training programs to inform L&D investment decisions.,,Learning Effectiveness,Learning Effectiveness,Listening A[i]gent,"Training Quality presents a gauge of the effectiveness of training. While individual organizations may use various survey instruments to assess Training Quality, a commonly used approach is that developed by Donald Kirkpatrick in the late 1950s. Under the Kirkpatrick approach, Training Quality may be assessed at any of four progressive levels. Survey instruments, assessments, tests, and other tools may be used to develop an index for Training Quality at any or all of these levels for various training courses. Level One: Reaction—Measures trainees’ satisfaction with aspects of the training program, including topic, speaker, schedule, etc. Level Two: Learning—Measures the knowledge trainees acquire during the program, including skills improved, attitudes changed, etc. Level Three: Behavior—Measures the extent to which participants change their behavior on the job as a result of knowledge they acquire during training. Level Four: Results—Measures the results of training programs, including higher productivity, improved quality, increased sales, larger profits, reduced turnover, and reduced costs.",HRIS – Training,Training effectiveness item(s) , survey_responses , training_quality_score , Last 4 completed quarters ," Normalize Likert scale to 0–100 |  Composite index 	 Optional alignment with Kirkpatrick level classification ","learning, development", Can be segmented by program or delivery channel.
16.04,Learning & Development,Operational Performance,Training Penetration Rate,Percentage of employees completing specific course or content training.,((Employees Completing Course(s) / Total Employees to Be Trained)) * 100,Employees Completing Course(s),Total Employees to Be Trained,,,,,,"Training Penetration Rate measures the percentage of employees completing a course or a content area of training. For example, an organization might measure the percentage of employees that have taken any courses related management development. For this purpose a Training Penetration Rate of 80% indicates that 80% of employees eligible to take a management development course have done so.",HRIS – Training,,,,Event Date Within Period,COUNT completions; AVG hours per employee,"learning, development",
16.05,Learning & Development,Operational Performance,Training Hours per Occurrence,Average number of training hours per training occurrence.,Total Training Hours / Training Occurrences,Total Training Hours ,Training Occurrences,,,,,,,HRIS – Training,,,,Event Date Within Period,COUNT completions; AVG hours per employee,"learning, development",
16.06,Learning & Development,Operational Performance,Training Hours Per FTE,Average number of training hours per full-time equivalent employee.,Total Training Hours / FTE,Total Training Hours,FTE,,,,,,,HRIS – Training,,,,Event Date Within Period,COUNT completions; AVG hours per employee,"learning, development",
16.07,Learning & Development,Cost Efficiency,Training Expense Per Employee,Average training expense per employee.,Training Expense / Average Headcount,Training Expense,Average Headcount,,,,,,,HRIS – Training,,,,Event Date Within Period,COUNT completions; AVG hours per employee,"learning, development",
16.08,Learning & Development,Operational Performance,Training Content Breakdown %,Distribution of training courses by content type.,(Distinct Courses Offered.[Content Type] / Distinct Courses Offered) * 100,Distinct Courses Offered.[Content Type],Distinct Courses Offered,,This breakdown measure can help an organization better understand where training resources are focused and what types of courses are emphasized.,,,,"Training Course Content Breakdown provides the percentages of various content types of distinct courses offered, such as technical, managerial, customer service, orientation, product, leadership development, or other relevant categorizations. ",HRIS – Training,,,,Event Date Within Period,COUNT completions; AVG hours per employee,"learning, development",
16.09,Learning & Development,Operational Performance,Traininig Channel Delivery Mix,"Breakdown of training course offerings by delivery type, e.g., classroom, e-learning, etc.",(Distinct Courses Offered.[Delivery Type] / Distinct Courses Offered) * 100,Distinct Courses Offered.[Delivery Type],Distinct Courses Offered,,,,,,,HRIS – Training,,,,Event Date Within Period,COUNT completions; AVG hours per employee,"learning, development",
16.11,Learning & Development,Operational Performance,E-learning Abandonment Rate,"Percentage of courses begun, but not completed, using learning technologies.",(E-Learning Courses Initiated.Abandoned / E-Learning Courses Initiated) *100,E-Learning Courses Initiated.Abandoned,E-Learning Courses Initiated,,,,,,,HRIS – Training,,,,Event Date Within Period,COUNT completions; AVG hours per employee,"learning, development",
1.04,Culture & Engagement,Operational Performance,Work Schedule Flexibility Rate (%of Workforce),Employees with a flexible work schedule as a percentage of total employees.,(End of Period Headcount.Flexible Work Schedule) / End of Period Headcount) *100,End of Period Headcount.Flexible Work Schedule,End of Period Headcount,,Workforce Planning | Retention Modeling | Engagement Correlation | Productivity Analysis,,,,A result of 10 indicates that 10% of the workforce participates in a flexible work arrangement and may not work the standard operating hours of the organization. | Compare productivity & engagement,HRIS — Employee Snapshot,,,, Last 4 completed quarters ,AVG score; normalize to 0–100 scale,,
2.05,Workforce Planning,Cost Efficiency,Benefits Expense Amount Per FTE ($Amount),Average benefits expense (organization’s contribution) per full-time equivalent employee.,Benefits Expense / FTE,Benefits Expense ($),#FTE,,,,,,,HRIS — Employee Snapshot,,,,Exercise Date within reporting period,COUNT active employees; filter employment status,"workforce, headcount, planning",
3.01,Compenstion & Benefits,Operational Performance,Workweek Average Per Employee (#Time),Average number of hours worked per week per employee,(Hours Worked / Number of Weeks) / Average Headcount,#Hours Worked / #Number of Weeks,#Average Headcount,,,,,,"Average Workweek measures the number of hours worked per week per employee, on average. A result of 37 means that the average person employed by the organization worked 37 hours per week during the period.",HRIS — Employee Snapshot,,,,End-of-Period Snapshot,SUM value; divide by eligible headcount where applicable,"compensation, rewards",
3.08,Workforce Planning,Cost Efficiency,Compensation Expense Total Per FTE ($Amount),"Average total compensation expense, including direct, benefits, and equity compensation, per full-time equivalent employee.",Total Compensation Expense / FTE,Total Compensation Expense,#FTE,,,,,,,HRIS — Employee Snapshot,,,,,COUNT active employees; filter employment status,"workforce, headcount, planning",
3.12,Workforce Planning,Cost Efficiency,Compensation Expense - Direct Per FTE ($Amount),"Average direct compensation expense, including wages, bonus, and other cash compensation, per full-time equivalent employee.",Direct Compensation Expense / FTE,Direct Compensation Expense,#FTE,,,,,,,HRIS — Employee Snapshot,,,,,COUNT active employees; filter employment status,"workforce, headcount, planning",
3.13,Workforce Planning,Cost Efficiency,Compensation Breakdown - Direct by Type (%Total),"Distribution of direct compensation by type, including base, overtime, bonus, incentives, etc.",(Direct Compensation Expense.[Compensation Type] / Direct Compensation Expense) * 100,(Direct Compensation Expense.[Compensation Type],Direct Compensation Expense,,,,,,"Direct Compensation Breakdown provides the percentages of direct compensation paid that are of various compensation types. Graphically, the data are presented as a percentage of the total direct compensation, i.e., a stacked bar graph. Direct compensation, contrasted with benefits and equity compensation, relates to cash payments for base pay, variable pay, overtime, and other cash payments such as sign-on bonuses and relocation allowances.",HRIS — Employee Snapshot,,,,,COUNT active employees; filter employment status,"workforce, headcount, planning",
3.11,Compenstion & Benefits,Cost Efficiency,Compensation Ratio - Market Comparision (% to Other Orgs),Ratio of employees’ direct compensation to market-comparable direct compensation.,Direct Compensation Expense / Market Comparable Direct Compensation,Direct Compensation Expense,Market Comparable Direct Compensation,,Market Comparison,,,,"Market Compensation Ratio provides the ratio of direct (cash) compensation provided by the employer to that provided by a comparable market group. A result of 80% means that the organization’s compensation offerings are 80% of the offerings of other organizations. These data are sometimes provided only for certain components of direct compensation (e.g., base salary and bonus), and may not be available for all positions within an organization.",HRIS — Employee Snapshot,,,,End-of-Period Snapshot,SUM value; divide by eligible headcount where applicable,"compensation, rewards",
3.16,Workforce Planning,Operational Performance,Bonus Receipt Rate (%of Workforce),Employees receiving a bonus as a percentage of total employees eligible to receive a bonus.,(End of Period Headcount.Receiving Bonus / End of Period Headcount.Bonus Eligible) * 100,End of Period Headcount.Receiving Bonus,End of Period Headcount.Bonus Eligible,,"Performance Evaluation, Finance Budgeting",,,,,HRIS — Employee Snapshot,,,,,COUNT active employees; filter employment status,"workforce, headcount, planning",
3.17,Workforce Planning,Operational Performance,Bonus Eligibility Rate (%of Workforce),Percentage of employees eligible to receive a bonus.,(End of Period Headcount.Bonus Eligible / End of Period Headcount) * 100,End of Period Headcount.Bonus Eligible,#End of Period Headcount,,,,,,,HRIS — Employee Snapshot,,,,,COUNT active employees; filter employment status,"workforce, headcount, planning",
3.19,Workforce Planning,Operational Performance,Bonus Rate - Actual to Potential ,Average actual bonus compensation received as a percentage of total potential bonus compensation.,(Direct Compensation Expense.Bonus / Bonus Potential) * 100,Direct Compensation Expense.Bonus,Bonus Potential,,,,,,,HRIS — Employee Snapshot,,,,,COUNT active employees; filter employment status,"workforce, headcount, planning",
5.03,Culture & Engagement,Operational Performance,Grievance Rate (%of Workforce),The average number of grievances filed internally per employee.,(Grievances / Average Headcount) * 100,#Grievances,Average Headcount,,,,,,A result of 1% means that one grievance was filed for every 100 employees in headcount during the period.,HRIS — Employee Snapshot,,,, Last 4 completed quarters ,AVG score; normalize to 0–100 scale,"engagement, sentiment",
8.01,Mobility,Outcome & Impact,Upward Mobility %,"Promotions as a percentage of all internal movements, which include promotions, transfers, and demotions.",(Promotions / Internal Moovements)*100,Promotions,Internal Movements,,"Rate of promotion, relative to other movements, for purposes of workforce planning that may include talent development, quality of hire, cost reduction, time to fill, or attrition reduction.",,,,"An Upward Mobility result of 40% means that 40% of internal movements for the period were promotions, while the other 60% were transfers and demotions.",HRIS — Employee Snapshot,,,, Last 4 completed quarters ,COUNT internal job changes; filter promotion flag,"talent development, quality of hire, cost reduction, time to fill, attrition reduction.",
8.02,Mobility,Operational Performance,Transfer Rate,Percentage of employees that were transferred during the reporting period.,(Transfers / Average Headcount) * 100,Transfers,Average Headcount,,"Internal employee movement for purposes of Workforce Planning that may include talent development, quality of hire, cost reduction, time to fill, or attrition reduction.",,,,"Transfer Rate indicates the percentage of the workforce that has experienced a transfer action during the period. For example, a Transfer Rate of 20% means that 20% of employees in the organization have transferred internally within the period.",HRIS — Employee Snapshot,,,, Last 4 completed quarters ,COUNT internal job changes; filter promotion flag,"talent development, quality of hire, cost reduction, time to fill, or attrition reduction.",
8.03,Mobility,Operational Performance,Tenure - Promotion Speed Ratio (Average pre-promo),"Average position tenure, in years, prior to promotion.",Total Position Tenure Prior to Promotion / Promotions,Total Position Tenure Prior to Promotion,Promotions,,"Measurement of promotions for purposes of workforce planning that may include talent development, quality of hire, cost reduction, time to fill, or attrition reduction.",,,,"Promotion Speed Ratio indicates, for employees that were promoted during the period, their average tenure in position prior to promotion. For example, an employee promoted two years after being hired into a position has a Promotion Speed Ratio equal to two years.",HRIS — Employee Snapshot,,,, Last 4 completed quarters ,COUNT internal job changes; filter promotion flag,"talent development, quality of hire, cost reduction, time to fill, or attrition reduction.",
8.04,Mobility,Outcome & Impact,Promotion Rate (%of Workforce),Percentage of employees that were promoted during the reporting period.,Promotions / Average Headcount * 100,Promotions,Average Headcount,,"Measurement of promotions for purposes of workforce planning that may include talent development, quality of hire, cost reduction, time to fill, or attrition reduction.",,,,"For example, a Promotion Rate of 5% means 5% of employees in the organizations have received promotions within the reporting period.",HRIS — Employee Snapshot,,,, Last 4 completed quarters ,COUNT internal job changes; filter promotion flag,"talent development, quality of hire, cost reduction, time to fill, or attrition reduction.",
8.05,Mobility,Operational Performance,Lateral Mobility (Transfers),"Transfers as a percentage of all internal movements, including transfers, promotions, and demotions.",(Transfers / Internal Movements) * 100,Transfers (Lateral),"Internal Movements (lateral, promotuons, demotions)",,"Measurement of lateral movement across the organization for purposes of workforce planning that may include talent development, quality of hire, cost reduction, time to fill, or attrition reduction.",,,,"A Lateral Mobility result of 40% means that 40% of internal movements for the period were transfers, while the other 60% were promotions or demotions.",HRIS — Employee Snapshot,,,, Last 4 completed quarters ,COUNT internal job changes; filter promotion flag,"talent development, quality of hire, cost reduction, time to fill, or attrition reduction.",
8.06,Mobility,Operational Performance,Internal Placement Rate (% of Hires),Internal hires as a percentage of total hires during the reporting period.,(Internal Hires / (External Hires + Internal Hires))*100,Internal Hires,Total Hires (External Hires + Internal),Recruiting process planning & required resources,"Measurement of strategies involving the mix of internal versus external hires for purposes of workforce planning that may include talent development, quality of hire, cost reduction, time to fill, or attrition reduction.",Workforce planning,"talent development, quality of hire, cost reduction, time to fill, or attrition reduction.",,An internal Placement Rate of 60% means that 60% of the organization's appointments to vacant positions were from internal talent rather than from external hires.,HRIS — Employee Snapshot,,,, Last 4 completed quarters ,COUNT internal job changes; filter promotion flag,"talent development, quality of hire, cost reduction, time to fill, or attrition reduction.",
8.07,Mobility,Outcome & Impact,Internal Hire Rate (%of Workforce),"Percentage of employees that moved internally during the reporting period, including transfers, promotions, or demotions.",(Internal Movements / Average Headcount) * 100,Internal Movements,Average Headcount,,"Measurement of the movement of internal talent for purposes of workforce planning that may include talent development, quality of hire, cost reduction, or time to fill.",,,,"Internal hire rate indicates the percentage of the workforce that has moved internally during the period. Internal movements are those resulting from employees' internal job changes within the organization, whether through actions of transfer, promotion, or demotion. For example, an internal hire rate of 40% means that 40% of employees in the organization have experienced one of these movements within the period.",HRIS — Employee Snapshot,,,, Last 4 completed quarters ,COUNT internal job changes; filter promotion flag,"talent development, quality of hire, cost reduction, or time to fill.",
8.08,Mobility,Operational Performance,Cross-Function Mobility,Movements between functions as a percentage of total internal movements.,(Internal Movements.Function Change / Internal Movements) * 100,Internal Movements Function Change,Internal Movements,,Measurement of developmental programs that focus on building cross- functional opportunities for leadership development or skill broadening.,,,,"Cross-Function Mobility indicates the percentage of internal movements that involve employees moving from one functional area to another, such as from Finance to Marketing or from Sales to Operations. Internal movements are those resulting from an employee's internal job changes within the organizations, regardless of function, whether through transfer, promotion, or demotion. A Cross-Function Mobility result of 40% means that 40% of internal movements for the period involved moves from one function to another, while the other 60% were movements within a function.",HRIS — Employee Snapshot,,,, Last 4 completed quarters ,COUNT internal job changes; filter promotion flag,leadership development or skill broadening.,
8.09,Mobility,Outcome & Impact,Career Path Ratio (Transfers --> Promotions),Number of employees internally promoted for every employee internally transferred to a new position.,Promotions / Transfers,Promotions,Transfers,,"To gauge the success of internal development of managers, performance management process controls, or other workforce planning.",,,,"Career Path Ratio indicates the ratio of promotions to transfers that occurred within a period. A Career Path Ratio of .5 (i.e, a ratio of 1:2) means that there were two transfers for each promotion that occurred within the period.",HRIS — Employee Snapshot,,,, Last 4 completed quarters ,COUNT internal job changes; filter promotion flag,"mobility, internal movement",
9.03,Workforce Planning,Outcome & Impact,Positions Without Ready Candidates Rate,Percentage of managerial positions that do not have “ready” candidates identified for potential succession.,(End of Period Headcount.Manager.Succession-Applicable.No Ready Candidate / End of Period Headcount.Manager.Succession-Applicable) * 100,End of Period Headcount.Manager.Succession-Applicable.No Ready Candidate,End of Period Headcount.Manager.Succession-Applicable,,,,,,Positions Without Ready Candidates Rate indicates the percentage of managerial positions that require succession management focus but do not have a “ready” candidate identified. A result of 20% means that 20% of succession-applicable managerial positions do not have successor candidates identified that are ready to assume the position immediately if needed.,HRIS — Employee Snapshot,,,,,COUNT active employees; filter employment status,"workforce, headcount, planning",
9.05,Workforce Planning,Outcome & Impact,Manager Instability Index,The percentage of employees who have had more than one manager within the most recent 12 months.,(End of Period Headcount.>1 Supervisor in Previous 1-Year Period / End of Period Headcount) * 100,End of Period Headcount.>1 Supervisor in Previous 1-Year Period,End of Period Headcount,,,,,,A result of 30% means that 30% of employees have had a change in direct supervisor within the past year.,HRIS — Employee Snapshot,,,,,COUNT active employees; filter employment status,"workforce, headcount, planning",
9.08,Mobility,Operational Performance,Cross-Functional Mobility Managers,Internal movements of managers between functions as a percentage of total internal movements of managers.,(Internal Movements.Managers.Cross Function / Internal Movements.Managers) *100,Internal Movements.Managers.Cross Function,Internal Movements.Managers,,,,,,,HRIS — Employee Snapshot,,,, Last 4 completed quarters ,COUNT internal job changes; filter promotion flag,"mobility, internal movement",
17.02,Workforce Planning,Cost Efficiency,Termination Value Per FTE ($Cost),The value of all terminations during the period per full-time equivalent employee.,Total Termination Value / FTE,Total Termination Value,FTE,,Employee turnover analysis,,,,"Termination Value per FTE represents the cost of all terminations to the organization, relative to workforce size. Employee terminations can carry direct costs as well as efficiency and productivity costs or customer service deterioration. Direct costs include departure costs (e.g., accrued vacation), vacancy costs (e.g., temporary replacement help, recruiting advertising), and new hire costs (e.g., screening, relocation, increased salary over previous employee). Other costs can include decreased morale, lost productivity while peers “cover” the vacancy, the lost productivity of recruiters and hiring managers for recruiting a replacement, and the ramp-up time to productivity required for the replacement employee.",HRIS — Employee Snapshot,,,,,COUNT active employees; filter employment status,"workforce, headcount, planning",
17.03,Workforce Planning,Cost Efficiency,Termination-Voluntary Value Average ($Cost),The average value of each voluntary termination during the reporting period.,Total Termination Value.Voluntary / Terminations.Voluntary,Total Termination Value.Voluntary ,Terminations.Voluntary,,Employee turnover analysis,,,,"Average Voluntary Termination Value represents the average cost of an Individual voluntary termination to the organization. Employee terminations can carry direct costs as well as efficiency and productivity costs or customer service deterioration. Direct costs include departure costs (e.g., accrued vacation), vacancy costs (e.g., temporary replacement help, recruiting advertising), and new hire costs (e.g., screening, relocation, increased salary over previous employee). Other costs can include decreased morale, lost productivity while peers “cover” the vacancy, the lost productivity of recruiters and hiring managers for recruiting a replacement, and the ramp-up time to productivity required for the replacement employee.",HRIS — Employee Snapshot,,,,,COUNT active employees; filter employment status,"workforce, headcount, planning",
17.04,Workforce Planning,Cost Efficiency,Termination Value Average ($Cost),The average value of each termination during the reporting period.,Total Termination Value / Terminations,Total Termination Value,#Terminations,,"Employee turnover for purposes of workforce planning that may include talent management, productivity, or cost reduction.",,,,"Average Termination Value represents the average cost of an individual Termination to the organization. Employee terminations can carry direct costs to an organization, as well as efficiency and productivity costs or customer service deterioration. Direct costs generally include departure costs (e.g., accrued vacation), vacancy costs (e.g., temporary replacement help, recruiting advertising), and new hire costs (e.g., screening, relocation, increased salary over previous employee). Other costs can include decreased morale, lost productivity while peers “cover” the vacancy, the lost productivity of recruiters and hiring managers for recruiting a replacement, and the ramp-up time to productivity required for the replacement employee.",HRIS — Employee Snapshot,,,,,COUNT active employees; filter employment status,"workforce, headcount, planning",
17.09,Workforce Planning,Operational Performance,Termination-Voluntary Rate (%of Headcount),Voluntary terminations during the reporting period as a percentage of average headcount.,(Terminations.Voluntary / Average Headcount) * 100,Terminations.Voluntary,Average Headcount,,,,,,"Voluntary Termination Rate measures the percentage of employees who left the organization on their own initiation during the reporting period, for reasons such as resignation or retirement. Voluntary terminations are thus different from involuntary, or employer-initiated, terminations such as firings or layoffs. A result of 15% means that voluntary terminations equated to 15% of the workforce.",HRIS — Employee Snapshot,,,,,COUNT active employees; filter employment status,"workforce, headcount, planning",
17.10,Workforce Planning,Operational Performance,Termination Reason Breakdown,Distribution of terminations during a reporting period by type of termination.,(Terminations.[Termination Reason] / Terminations) * 100,Terminations.[Termination Reason],#Terminations,,Employee turnover analysis,,,,"Termination Reason Breakdown measures the composition of terminations by type of termination, including voluntary and involuntary termination reasons. Graphically, the data are presented as a percentage of the total terminations, i.e., a stacked bar graph of voluntary and involuntary terminations.",HRIS — Employee Snapshot,,,,,COUNT active employees; filter employment status,"workforce, headcount, planning",
17.11,Workforce Planning,Operational Performance,Termination Rate (%Avg Headcount),Terminations during the reporting period as a percentage of average headcount.,(Terminations / Average Headcount) *100,#Terminations,Average Headcount,,"Employee turnover for purposes of workforce planning that may include talent management, productivity, or cost reduction.",,,,"Termination Rate measures the percentage of employees who left the Organization during the reporting period. It reflects the total employee turnover within the organization, including both voluntary and involuntary separation reasons. For example, a result of 20% indicates that terminations equated to 20% of the average size of the workforce. A result of greater than 100% indicates that terminations exceeded the average size of the workforce during the period.",HRIS — Employee Snapshot,,,,,COUNT active employees; filter employment status,"workforce, headcount, planning",
17.12,Workforce Planning,Outcome & Impact,Termination Breakdown by Performance Rating,Distribution of terminations during a reporting period by performance rating of terminating employees.,(Terminations.[Performance Rating] / Average Headcount.[Performance Rating]) *100,Terminations.[Performance Rating],Average Headcount.[Performance Rating],,"Employee turnover for purposes of workforce planning that may include talent management, productivity, or cost reduction.",,,,Termination Breakdown by Performance Rating indicates the percentage of employees who left from each performance group. For example. If the organization has 100 high performers and 10 high performers leave then the High Performer Turnover Rate = 10%. This does not mean that 10% of those who terminated are High Performers.,HRIS — Employee Snapshot,,,,,COUNT active employees; filter employment status,"workforce, headcount, planning",
17.13,Workforce Planning,Outcome & Impact,Retention Rate,Percentage of all headcount during the period that did not terminate.,(Start of Period Headcount + External Hires - Terminations) / (Start of Period Headcount + External Hires) * 100,Start of Period Headcount + External Hires - Terminations,Start of Period Headcount + External Hires,,"Employee retention for purposes of workforce planning that may include talent development, productivity, or cost reduction.",,Recruitment Process: Quality of Hire,,"Retention Rate for a specified period measures the percentage of all employees present at any point during the period that are still with the organization at the end of the period. In a yearly view, this measure answers the question, “What percentage of all the people that have walked through our doors this year are still here?” A result of 80% indicates that 80% of employees that were with the organization at the start of the period or were hired during the period are still employed at the end of the period",HRIS — Employee Snapshot,,,,,COUNT active employees; filter employment status,"workforce, headcount, planning",
17.15,Workforce Planning,Operational Performance,Termination -Involuntary Rate (%of Headcount),Involuntary terminations as a percentage of average headcount.,(Terminations.Involuntary / Average Headcount) * 100,Terminations.Involuntary,Average Headcount,,Measuring company initiated employee turnover for purposes of workforce planning that may include cost reduction or talent management.,,,,"Involuntary Termination Rate measures employer-initiated terminations relative to the size of the workforce. It reflects the extent to which the organization has intentionally terminated employees through performance management outcomes, organizational skill adjustment, or downsizing efforts. A result of 15% means that involuntary terminations equated to 15% of the workforce.",HRIS — Employee Snapshot,,,,,COUNT active employees; filter employment status,"workforce, headcount, planning",
18.01,Workforce Planning,Operational Performance,Tenure / Staffing Rate < 1-Year,Percentage of employees at the end of the period that have less than one year of tenure,(End of Period Headcount.< 1-Year Tenure / End of Period Headcount) * 100,End of Period Headcount.< 1-Year Tenure,End of Period Headcount,,,,,,"A result of 10% means that 10% the employee population has less than 1 year of tenure. High levels of less than 1 year of tenure could be a result of rapid growth. More likely, high levels of less than 1 year of tenure is a result of staffing to replace high turnover.",HRIS — Employee Snapshot,,,,,COUNT active employees; filter employment status,"workforce, headcount, planning",
18.02,Workforce Planning,Operational Performance,Staffing Breakdown by Tenure-Org ,Distribution of headcount by organizational tenure at the end of the reporting period.,(End of Period Headcount.[Tenure] / End of Period Headcount) * 100,End of Period Headcount.[Tenure],End of Period Headcount,,,,,,"Organization Tenure Staffing Breakdown indicates the percentages of the workforce that fall within various tenure groupings. Graphically, the data are presented as a percentage of the total workforce, i.e., a stacked bar graph.",HRIS — Employee Snapshot,,,,,COUNT active employees; filter employment status,"workforce, headcount, planning",
18.03,Workforce Planning,Operational Performance,Tenure - Workforce Average #,The average tenure of the workforce at the end of the reporting period.,Total Workforce Tenure / End of Period Headcount,Total Workforce Tenure,End of Period Headcount,,,,,, A result of 5.2 means that the average employee has an organizational tenure of 5.2 years.,HRIS — Employee Snapshot,,,,,COUNT active employees; filter employment status,"workforce, headcount, planning",
18.05,Workforce Planning,Operational Performance,Staffing Rate - Temporary (%of Workforce),Temporary employees as a percentage of the total full-time equivalent workforce.,(FTE.Temporary / FTE) * 100,#FTE.Temporary,#FTE ,,,,,,"Staffing Rate——Temporary indicates the percentage of the organization’’s full-time equivalent workforce that is classified as ““temporary,”” as opposed to ““regular.”” Temporary workers are those who may be employed for a limited duration or those that are otherwise sourced from a temporary employment agency to fulfill short-term staffing needs.",HRIS — Employee Snapshot,,,,,COUNT active employees; filter employment status,"workforce, headcount, planning",
18.06,Workforce Planning,Outcome & Impact,Staffing Rate - Revenue Generating (%of Workforce),Full-time equivalent employees in revenue-generating roles as a percentage of all full-time equivalent employees.,(FTE.Revenue Generating / FTE) * 100,#FTE.Revenue Generating,#FTE ,,,,,,A result of 20% indicates that one of every five employees serves in a role that creates revenue for the organization.,HRIS — Employee Snapshot,,,,,COUNT active employees; filter employment status,"workforce, headcount, planning",
18.07,Workforce Planning,Operational Performance,Staffing Rate - Part Time (%of Workforce),Part-time employees as a percentage of the total workforce.,(End of Period Headcount.Part Time / End of Period Headcount) * 100,End of Period Headcount.Part Time,End of Period Headcount,,,,,,A result of 5% means that five of every one hundred employees are classified as part time.,HRIS — Employee Snapshot,,,,,COUNT active employees; filter employment status,"workforce, headcount, planning",
18.08,Workforce Planning,Operational Performance,Staffing Rate - Managerial (%of Workforce),Managers as a percentage of total headcount at the end of the reporting period.,(End of Period Headcount.Manager / End of Period Headcount) * 100,End of Period Headcount.Manager,End of Period Headcount,,Workforce structure analysis used to evaluate management layer density and cost efficiency.,,,,"Managerial positions, for this measure, typically refer to positions with managerial titles, regardless of whether those positions involve supervisory responsibility. A result of 20% means that 20% of all employees occupy managerial positions.",HRIS — Employee Snapshot,,,,,COUNT active employees; filter employment status,"workforce, headcount, planning",
18.11,Workforce Planning,Operational Performance,Staffing Breakdown by Function ,Distribution of headcount by function at the end of the reporting period.,(End of Period Headcount.[Function] / End of Period Headcount) * 100,End of Period Headcount.[Function],End of Period Headcount,,,,,,"Function Staffing Breakdown provides the percentages of the workforce staffed within each organizational function, such as sales, finance, information technology, engineering, manufacturing, etc. Graphically, the data are presented as a percentage of the total workforce, i.e., a stacked bar graph.",HRIS — Employee Snapshot,,,,,COUNT active employees; filter employment status,"workforce, headcount, planning",
18.12,Workforce Planning,Operational Performance,Staffing Breakdown by Employment Level,"Distribution of headcount by employment level (e.g., exempt/non-exempt or salaried/hourly) at the end of reporting period.",(End of Period Headcount.[Employment Level] / End of Period Headcount) *100,End of Period Headcount.[Employment Level,End of Period Headcount,,,,,,"Employment Level Staffing Breakdown provides the percentages of the workforce within each employment level, typically exempt and non-exempt within a U.S. workforce (alternatively, salaried and hourly). Graphically, the data are presented as a percentage of the total workforce, i.e., a stacked bar graph.",HRIS — Employee Snapshot,,,,,COUNT active employees; filter employment status,"workforce, headcount, planning",
18.14,Workforce Planning,Operational Performance,Staffing Breakdown by EEO Job Category,Distribution of headcount by EEO Job Category at the end of reporting period.,(End of Period Headcount.[EEO Job Category] / End of Period Headcount) *100,End of Period Headcount.[EEO Job Category] ,End of Period Headcount,,,,,,"EEO Job Category Staffing Breakdown provides the percentages of the workforce within each EEO job category for United States employers who report workforce figures to the Equal Employment Opportunity Commission. Graphically, the data are presented as a percentage of the total workforce, i.e., a stacked bar graph.",HRIS — Employee Snapshot,,,,,COUNT active employees; filter employment status,"workforce, headcount, planning",
18.16,Workforce Planning,Operational Performance,Manager - Span of Control Average,Average number of direct reports for each supervisor.,Total Span of Control.All Supervisors / End of Period Headcount.Supervisors,Total Span of Control.All Supervisors,End of Period Headcount.Supervisors,,Organizational design analysis used to assess managerial load and automation leverage opportunities.,,,, A result of five means that supervisors have an average of five direct reports.,HRIS — Employee Snapshot,,,,,COUNT active employees; filter employment status,"workforce, headcount, planning",
18.17,Workforce Planning,Operational Performance,"Workforce Composition % - Disability, Gender, Minority, Multilingual (%of Workforce)",Percentage of employees at the end of the period that speak more than one language.,(End of Period Headcount.Multilingual / End of Period Headcount) * 100,End of Period Headcount.Multilingual,End of Period Headcount,,,,,,"A result of 20% means that 20% of employees speak at least two languages. An organization may also create variations on this measure that relate to specific languages, e.g., Staffing Rate——Spanish Speaking.",HRIS — Employee Snapshot,,,,,COUNT active employees; filter employment status,"workforce, headcount, planning",
1.05,Workforce Planning,Operational Performance,Absence - PTO Utilization Rate (%Use),Paid time off hours taken as a percentage of those hours earned during the reporting period.,(PTO Hours.Used / PTO Hours.Accrued) * 100,#PTO Hours.Used,#PTO Hours.Accrued,,"Finance Forecasting, Staffing Resource Planning",,,,"A result of 80% means that for every 10 hours of PTO that employees accrue, they are only taking eight hours off.",HRIS — Employee Snapshot,,,,,COUNT active employees; filter employment status,"workforce, headcount, planning",
1.06,Workforce Planning,Cost Efficiency,Absences (Unscheduled) Compensation Value Per FTE,Average compensation cost of unscheduled absences per full-time equivalent employee.,(Unscheduled Absence Days * Direct Compensation.Daily) / FTE,Unscheduled Absence Days * Direct Compensation.Daily,FTE,,,,,,"For example, a result of $500 means that the compensation costs of employees’’ unscheduled absences, spread across all employees, averaged $500 per employee. Put differently, a result of $500 means that during the period, the organization paid $500 per FTE in compensation for unscheduled absences.",HRIS — Employee Snapshot,,,,,COUNT active employees; filter employment status,"workforce, headcount, planning",
1.07,Workforce Planning,Operational Performance,Absence Rate (%of Work Time),Total days of employee absence as a percentage of total expected workdays during the reporting period.,(Absence Days / Workdays) * 100,#Absence Days,#Workdays,,,,,,"Absence Rate indicates the percentage of work time, expressed as workdays, that the average employee is absent for any reason during a period. A result of 3% means that absences total 3% of all workdays. Or, put differently, on an average day, 3 of every 100 employees are absent.",HRIS — Employee Snapshot,,,,,COUNT active employees; filter employment status,"workforce, headcount, planning",
10.01,Organizational Effectiveness,Cost Efficiency,R&D Espense Rate (%of Ops Expense),Research and development (R&D) expense as a percentage of total operating expense.,(R&D Expense / Operating Expense) * 100,R&D Expense,Operating Expense,,,,,,A result of 10% means that R&D expenses represented 10% of the organization’s total operating expenses,Finance — Cost Centers,,,, Last 4 completed quarters ,COUNT employees by org_unit; calculate ratio per defined hierarchy level,"org_design, structure, leadership_density, span_of_control",
10.02,Organizational Effectiveness,Outcome & Impact,New Products & Services Revenue Per FTE,Average new products and services operating revenue per full-time equivalent employee.,Operating Revenue.New Products & Services / FTE,Operating Revenue.New Products & Services,#FTE,,,,,,"New Products and Services Revenue per FTE indicates the dollar amount of revenue generated specifically by new products and services, relative to the size of the workforce. New Products and Services Revenue is a subset of Operating Revenue, relating only to specific products and services.",Finance — Cost Centers,,,, Last 4 completed quarters ,GROUP by org_unit; aggregate headcount,"org_design, structure, leadership_density, span_of_control",
10.07,Organizational Effectiveness,Operational Performance,Throughput per FTE,Volume of completed standard work items per FTE per week.,count( completed_items ) / count( FTE ),Completed items,FTE count,,,,,,,HRIS – Performance Management,,,, Last 4 completed quarters ,GROUP by org_unit; aggregate headcount,"org_design, structure, leadership_density, span_of_control",Normalize by complexity if available.
10.09,Organizational Effectiveness,Cost Efficiency,Contingent Labor Rate (%Ops Expense),Other labor costs as a percentage of total operating expense.,(Other Labor Expense / Operating Expense) * 100,Contingent Labor Expense,Operating Expense,,,,,,"Other Labor, sometimes called contingent labor, is the workforce used by the organization to generate its revenue and profit but not represented as employees with a reporting system such as an HRIS.",Finance — Cost Centers,,,, Last 4 completed quarters ,COUNT employees by org_unit; calculate ratio per defined hierarchy level,"org_design, structure, leadership_density, span_of_control",
10.10,Organizational Effectiveness,Outcome & Impact,Operating Revenue Per FTE,Average operating revenue per full-time equivalent employee.,Operating Revenue / FTE,Operating Revenue,#FTE,,,,,,,Finance — Cost Centers,,,, Last 4 completed quarters ,GROUP by org_unit; aggregate headcount,"org_design, structure, leadership_density, span_of_control",
10.11,Organizational Effectiveness,Outcome & Impact,Operating Profit Per FTE,"Average operating profit (before tax, interest, and depreciation) per full-time equivalent employee.",Operating Profit / FTE,Operating Profit,#FTE,,,,,,,Finance — Cost Centers,,,, Last 4 completed quarters ,GROUP by org_unit; aggregate headcount,"org_design, structure, leadership_density, span_of_control",
10.12,Organizational Effectiveness,Cost Efficiency,Operating Expense Per FTE,Average operating expense per full-time equivalent employee,Operating Expense / FTE,Operating Expense,#FTE,,,,,,,Finance — Cost Centers,,,, Last 4 completed quarters ,GROUP by org_unit; aggregate headcount,"org_design, structure, leadership_density, span_of_control",
10.13,Organizational Effectiveness,Outcome & Impact,ROI - Human Investment Ratio,"Ratio of operating profit, adding back total compensation expense, returned for every dollar invested in employee compensation and benefits.",(Operating Profit + Total Compensation Expense) / Total Compensation Expense,Operating Profit,Total Compensation Expense,,,,,,,Finance — Cost Centers,,,, Last 4 completed quarters ,COUNT employees by org_unit; calculate ratio per defined hierarchy level,"org_design, structure, leadership_density, span_of_control",
3.07,Compenstion & Benefits,Operational Performance,Salary Change Rate - Upward (%of Workforce),Percentage of employees receiving base salary increases during the reporting period.,End of Period Headcount.Base Salary Increase / End of Period Headcount * 100,End of Period Headcount.Base Salary Increase,#End of Period Headcount,,,,,,,Payroll — Earnings Ledger,,,,End-of-Period Snapshot,SUM value; divide by eligible headcount where applicable,"compensation, rewards",
2.02,Compenstion & Benefits,Sentiment & Experience,Benefits Satisfaction Index,A relative measure of employees’ satisfaction with the benefits provided by the organization.,Survey,Survey,Survey,Employee satisfaction with benefits programs to monitor competitiveness and retention risk.,CSAT,Employee Satisfaction,Employee Satisfaction,Listening A[i]gent,"Benefits Satisfaction Index is a measure of employees’ overall satisfaction with benefits, such as medical insurance, dental insurance, disability insurance, child care, commuting, concierge, tuition reimbursement, or other benefit programs. Variations of this measure may present the results of individual survey questions (e.g., percentage of workforce rating medical benefits as “excellent”) or other subindexes of this overall satisfaction indicator.",Survey,Benefits satisfaction item(s),survey_responses,benefits_satisfaction_score,Last 4 completed quarters,Normalize Likert scale to 0–100 | Reverse-score if needed | Average across benefits items | Require minimum response threshold,"Survey, Rewards, Retention Risk",
3.15,Compenstion & Benefits,Sentiment & Experience,Compensation Satisfaction Index,A relative measure of employees satisfaction with compensation.,Survey,Survey,Survey,Track perceived fairness and competitiveness of compensation and identify populations at pay dissatisfaction risk.,CSAT,Employee Satisfaction,Employee Satisfaction,Listening A[i]gent,"Compensation Satisfaction Index is a subjective measure of employees’ satisfaction with compensation packages. Among employee survey results, many organizations find that employees report low satisfaction with compensation. Though employers may not expect high results, the measure can be tracked over time to monitor in if satisfaction is increasing or decreasing. However, these survey results can be used to compare specific employee populations by division, location, job family, age group, performance level, etc.",Survey,Compensation satisfaction item(s) , survey_responses , compensation_satisfaction_score ,Last 4 completed quarters,"Normalize Likert scale to 0–100 |  Reverse-score if needed 	 Average across compensation items 	 Require minimum response threshold 	 ","Survey, Rewards, Retention Risk 	 ","Track by job level, function, and performance tier.		"
9.07,Culture & Engagement,Sentiment & Experience,Employee Satisfaction with Leadership,Gauge of employee satisfaction with organizational leaders,Survey,Survey,Survey,"Evaluate trust, confidence, and satisfaction with organizational leadership effectiveness.",,Employee Satisfaction,Employee Satisfaction,Listening A[i]gent,"Employee Satisfaction with Leadership represents a survey index or set of questions for employees to express their satisfaction with the organization’s leadership. Such a measure or index may be titled differently, depending on the survey used. While the measure called Manager Quality Index relates to employees’ opinions of their direct managers, Employee Satisfaction with Leadership looks more broadly at employees’ opinions about the leadership of their business line, function, and area, as well as the leadership of the organization as a whole. The opinions solicited from relevant survey questions typically relate to leaders’ competencies and skills (e.g., communication, subject mastery, employee development, personality, decision making), their ability to inspire confidence and trust and motivate performance, and the appropriateness of the business strategy being pursued.",Survey,Leadership satisfaction item(s) , survey_responses , leadership_satisfaction_score , Last 4 completed quarters ," Normalize Likert scale to 0–100  Average leadership-related items 	 Minimum response threshold ","engagement, sentiment, Survey, Leadership, Culture ", Separate from direct manager quality metrics.
13.01,Culture & Engagement,Sentiment & Experience,Employee Engagement Index,Relative measure of employee's engagement in their work.,Survey,Survey,Survey,Measure discretionary effort and workforce energy to predict productivity and performance outcomes.,Measurement of employee engagement for purposes of predicting productivity and/or as a tool for analytically deriving the reasons for low engagement so they can be addressed before they lead to low productivity.,Employee Satisfaction,Engagement,Listening A[i]gent,"Organizations typically measure employee engagement using survey results. Each survey will likely have a different set of questions or methodologies for measuring employee engagement. The Employee Engagement Index measures employees’ engagement with their jobs or day-to-day work. It is based on survey questions that assess factors such as the effort and enthusiasm they put into their daily activities. It is designed to measure the extent to which employees contribute their discretionary effort to the firm. Employee engagement is thus distinct from employee commitment, which measures attachment to the firm and views of the firm as a great place to work.",Survey,Engagement scale item(s) , survey_responses , engagement_index , Last 4 completed quarters ," Normalize validated engagement scale to 0–100  Composite index 	 Minimum response threshold ","engagement, sentiment, Survey, Engagement, Productivity ", Predictive of productivity and performance outcomes.
17.06,Culture & Engagement,Outcome & Impact,Market Opportunity Index,Relative measure of employees' perceptions of labor market opportunities outside the organization.,Survey,Survey,Survey,Gauge perceived external job opportunities as an external driver of turnover risk.,employee perceptions of external opportunities for purposes of predicting employee turnover and/or as a tool for analytically deriving the reasons for low commitment so they can be addressed before they lead to turnover issues.,External Opportunities / Threats,External Opportunities / Threats,Listening A[i]gent,"Organizations typically measure perceived external market opportunity for employees using survey results. Each survey will likely have a different set of questions or methodologies for measuring this dimension. The Market Opportunity Index measures employee perceptions of external job opportunities. In effect, it assesses whether employees perceive a new job would be easy or difficult to find. The metric is a proxy for the pull of a “tight” labor market, and it represents an exogenous factor—external opportunities—that the firm cannot control. Low results for Market Opportunity Index are likely to negatively impact employees’ commitment and likelihood to stay with the organization. Organizations can study undesirable results further to understand whether it can improve its standing among external market opportunities in employees’ eyes, if those employees are at risk of departing for external opportunities.",Survey,External opportunity perception item(s) , survey_responses , market_opportunity_index , Last 4 completed quarters ," Normalize to 0–100  Reverse-score if needed 	 Composite index 	 ","engagement, sentiment, Survey, Employee Turnover, External Threat 	 ",Represents exogenous labor market pull pressure.
17.07,Culture & Engagement,Outcome & Impact,Employee Retention Index,Relative measure of the likelihood that employees will remain with the organization.,Survey,Survey,Survey,Measure intent-to-stay or intent-to-leave to forecast turnover and identify emerging attrition risk.,employee intent to stay/leave for purposes of predicting employee turnover and/or as a tool for analytically deriving the reasons for turnover so they  can be addressed before they lead to broader turnover issues.,Employee Satisfaction: Retention,Retention,Listening A[i]gent,"Organizations typically measure likelihood of employee retention using survey results. Each survey will likely have a different set of questions or methodologies for measuring likelihood of employee retention. An Employee Retention Index measures the extent to which employees intend to leave the firm. It is based on survey questions assessing an employee’s intent to leave in the next year as well as actual job search behavior. Employee retention is thus distinct from employee commitment, which measures attachment to the firm and views of the firm as a great place to work. It is also distinct from employee engagement, which measures the effort and enthusiasm employees put into their daily work.",Survey,Intent-to-stay / intent-to-leave item(s) , survey_responses , retention_intent_score , Last 4 completed quarters ," Reverse-score intent-to-leave items  Normalize to 0–100 	 Composite retention intent index 	 Minimum response threshold 	 ","engagement, sentiment, Survey, Employee Turnover, Predictive 	 ",Distinct from commitment and engagement; measures likelihood of departure.
17.08,Culture & Engagement,Sentiment & Experience,Employee Committment Index,Relative measure of employee's commitment to the organization,Survey,Survey,Survey,Assess psychological attachment to the organization to predict voluntary turnover risk.,employee commitment for purposes of predicting employee turnover and/or as a tool for analytically deriving the reasons for low commitment so they can be addressed before they lead to turnover issues.,Employee Satisfaction,Committment,Listening A[i]gent,"Organizations typically measure employee commitment using survey results. Each survey will likely have a different set of questions or methodologies for measuring employee commitment. An Employee Commitment Index measures an employee’s attachment and commitment to the firm or corporation. It is based on a number of survey questions that measure employees’ commitment, such as their desire to spend their career with the firm and their views on the firm as a great place to work. Commitment is distinct from employee engagement, which measures the effort and enthusiasm employees put into their daily work.",Survey,Commitment scale item(s) , survey_responses , commitment_index , Last 4 completed quarters ," Normalize scale to 0–100  Reverse-score negatively worded items 	 Composite index 	 Minimum response threshold 	","engagement, sentiment,  Survey, Commitment, Employee Turnover 	 ","Leading indicator of voluntary attrition risk.		"