Metric ID,Group,Metrics Category,Metric,Definition / Description,Formula,Numerator,Denominator,Application / Measure,A[i]gent,Commentary / Interpretation,Data Source - Object,Data Source - Field,Data Store - Object,Data Store - Field,Time Rule,Transformation/ Import Logic,Tags,Notes
15.01,Staffing Effectiveness,Cost Efficiency,Turnover Cost Rate - < 1-Year Tenure % - SEE 17.01,Cost of turnover for employees with less than one year of tenure as a percentage of the total turnover cost.,Total Termination Value.< 1-Year Tenure / Total Termination Value,Total Termination Value.< 1-Year Tenure,Total Termination Value,Staffing Effectiveness | Cost of low tenure employee attrition. Also as a measure of staffing effectiveness.,,"Turnover Cost Rate—< 1-Year Tenure measures the percentage of termination costs that come from employees with less than one year of tenure. While this measure does not indicate whether turnover costs among low-tenure employees is high or low, it does indicate the extent to which the turnover costs are driven by low-tenure employees. A result of 40% means that 40% of all termination costs are from these low-tenure employees. Most organizations experience their highest turnover among low-tenure employees. Low-tenure terminations carry with them similar costs and productivity losses to other terminations. However, low-tenure terminations might also signal potential failures of recruiting and onboarding processes. Therefore, New Hire Turnover Contribution can help an employer to approximate the magnitude of turnover costs driven by recruiting and onboarding issues as compared to other potential turnover issues. The higher the result for this measure, the greater the volume of turnover costs that might be prevented through recruiting and onboarding improvement.",,,,,,,"recruiting issues, onboarding issues"
15.03,Staffing Effectiveness,Cost Efficiency,Sign-On Bonus Rate (%External Hires),Percentage of external hires receiving a sign-on bonus.,(External Hires.Sign-On Bonus / External Hires) * 100,External Hires.Sign-On Bonus ,External Hires ,Measurement of the usage of Sign-On Bonuses.
15.06,Staffing Effectiveness,Cost Efficiency,Recruitment Expense Breakdown %,"Distribution of recruitment expenses by type, such as travel, advertising, compensation, etc. | Share of total recruiting expense by expense type.",(Recruitment Expense.[Type] / Recruitment Expense) * 100 | sum( expense_amount where type=T ) / sum( expense_amount ),Recruitment Expense.[Type],Total Recruiting Expense,"recruiting costs Isolating and wish to monitor the relative magnitude of direct costs, such as relocation allowances and agency fees.",,"Recruitment costs include direct costs of filling positions, such as advertising costs, agency fees, travel reimbursement of candidates or interviewers, screening tests, and relocation allowances. Recruitment costs are also likely to include the overhead costs of running a recruiting function, such as the salaries of recruiters, the costs of maintaining a resume bank, the costs of sending communications or printing collateral, etc. In addition, recruitment expenses can include indirect productivity costs of hiring managers and other called upon to interview candidates, though such costs are difficult to quantify.",,,,,Bucketed (Reporting TZ),,,Useful for channel ROI and budget planning.
15.07,Staffing Effectiveness,Cost Efficiency,Recruitment Cost per Hire,"Recruitment expense per hire, including internal and external hires. | Total recruitment expense divided by number of hires.",Recruitment Expense / Hires | sum( recruiting_expense ) / count( hires ),Total recruiting expense,Hires,Measurement of recruiting efficiency. | ,,"advertising costs, agency fees, travel reimbursement of candidates or interviewers, screening tests, and relocation allowances. Recruitment costs are also likely to include the overhead costs of running a recruiting function, such as the salaries of recruiters, the costs of maintaining a resume bank, the costs of sending communications or printing collateral, etc. In addition, recruitment expenses can include indirect productivity costs of hiring managers and other called upon to interview candidates, though such costs are difficult to quantify.",,,,,Bucketed (Reporting TZ),,,"Break out by channel (ads, agency, tools, events)."
15.17,Staffing Effectiveness,Cost Efficiency,"Sign-On Bonus Expense, Average",Average sign-on bonus received by external hires given a sign-on bonus.,Sign-On Bonus Expense / External Hires.Sign-On Bonus,Sign-On Bonus Expense,External Hires.Sign-On Bonus,usage of sign-on bonuses,,,,,,,,,CNVR
14.22,Recruiting,Decision Integrity,Decision Consistency Rate,Measures how consistently similar candidate profiles receive the same screening decision across reviewers. Why it matters: High variation indicates unstable application of judgment.
14.23,Recruiting,Decision Integrity,Rubric Adherence Rate,Measures how often screening decisions align with defined must-have criteria and scoring thresholds. Example: Candidate scores 82; threshold is 75; decision = Reject → misalignment. Why it matters: Ensures screening decisions reflect agreed standards.
14.24,Recruiting,Decision Integrity,Screening Predictive Strength,"Measures whether screening score bands meaningfully differentiate downstream candidate performance. Example: Strong band → 70% pass HM screen, Borderline → 35%, Weak → 10% = strong (equal rates across bands = weak signals | Why it matters: Indicates whether screening produces real signal or noise."
14.25,Recruiting,Decision Integrity,Early False Negative Risk,Estimates the likelihood that candidates meeting rubric criteria were rejected during screening. Why it matters: Identifies hidden talent loss.
14.26,Recruiting,Decision Integrity,Calibration Stability,"Measures whether screening thresholds shift across time or reviewers. Example: Q1 threshold = 70, Q3 threshold = 80 → drift | Why it matters: Prevents silent tightening or loosening of standards. Indicates demand exceeds resources."
14.01,Recruiting,Operational Performance,Rehire Rate,Rehires as a percentage of total external hires.,(Rehires / External Hires) *100,Rehires,External Hires ,"Useful for organizations that have specific initiatives around rehires, such as alumni tracking processes or alumni networks.",,Rehire Rate indicates the percentage of external hires during the period that are former employees of the organization.,,,,,,,CSAT
14.02,Recruiting,Operational Performance,Recruitment Source Ratio (Internal vs External),Number of internal hires for every external hire.,Internal Hires / External Hires,Internal Hires,External Hires ,"For one reason or another the organization may wish to tilt recruitment toward hiring internally or externally or may have a specific ratio in mind. Reasons include reducing recruitment expenses, increasing hiring quality, increasing retention rates, increasing internal development opportunities, etc.",,"A recruitment ratio of four means that the organization has made four internal placements to vacant positions for every one external hire. Internal hires are often calculated to include all internal movements, such as transfers, promotions, and demotions.",,,,,,,"reducing recruitment expenses, increasing hiring quality, increasing retention rates, increasing internal development opportunities, etc."
14.03,Recruiting,Operational Performance,Recruitment Source Breakdown (%of Total),"Distribution of external hires by recruitment source, including referral, rehire, agency, etc.",(External Hires.[Source Group] / External Hires ) *100,External Hires.[Source Group],External Hires ,"Determining the % of hiring by source. For one reason or another the organization may wish to tilt recruitment toward particular sources. Reasons may include reducing recruitment expenses, increasing hiring quality, increasing retention rates, etc.",,,,,,,,,"reducing recruitment expenses, increasing hiring quality, increasing retention rates, etc."
14.04,Recruiting,Operational Performance,New Position Recruitment Ratio (New role vs backfill),"Ratio of new position hires to replacement hires, including internal and external hires.",Hires.New Positions / Hires.Replacement Positions,Hires.New Positions,Hires.Replacement Positions,rate of change of job roles.,,"New Position Recruitment Ratio compares the number of newly created positions to the number of replacement positions during a period. In other words, across all the organization's hires, how many are into new positions and how many are replacing people who have terminated or transferred out of existing positions? A result of this measure of .5 indicates there was one new position hire for every two replacement position hires during the period."
14.05,Recruiting,Operational Performance,New Position Recruitment Rate (New role hires %of headcount),"Hires into newly created positions (including internal and external hires), as a percentage of average headcount.",(Hires.New Positions / Average Headcount) * 100,Hires.New Positions,Average Headcount,rate of change of job roles.,,"New Position Recruitment Rate shows the number of newly created positions in relation to the size of the workforce. A ""new position"" is not necessarily one for which the title and the role have never existed before filling a new position may mean expanding a group of four analysts to become five analysts, or it may mean creating a Marketing Analyst position whose title did not previously exist for the organization."
14.06,Recruiting,Operational Performance,Net Hire Ratio (Hire:Termination),The number of external hires for every termination during the reporting period.,External Hires / Terminations,External Hires  ,Terminations,Monitoring headcount levels over time in support of cost management initiatives or growth strategies.,,Net Hire Ratio measures the total number of external hires that replace terminated employees.,,,,,,,"cost management, growth strategies."
14.07,Recruiting,Operational Performance,External Hire Rate (%of Headcount),External hires as a percentage of average headcount during the reporting period.,(External Hires / Average Headcount) * 100,External Hires  ,Average Headcount,,,"This measure is used to monitor ""churn"" of the workforce, the rate at which employees are entering the organization, and the hiring volume as an outcome of recruitment activities."
14.09,Recruiting,Operational Performance,"Decision Latency (days, median)",Days from decision request created to decision logged in pilot functions.,median( decision_dt - request_dt ),Decisions closed,Decision requests,,,,,,,,Duration (UTC),,CONVR,Log decision type and escalation path.
14.10,Recruiting,Operational Performance,HM SLA Compliance %,Share of HM actions (feedback/decisions) taken within SLA.,count( actions_within_SLA ) / count( actions_required ),On-time HM actions,Required HM actions,,,,,,,,Business-day (Local),,CONVR,Show by team to target coaching.
14.11,Recruiting,Operational Performance,Interviewer Load Balance,Distribution of interviews per interviewer vs. target range.,count( interviewer_weeks within target ) / count( interviewer_weeks ),Weeks within target,All interviewer-weeks,,,,,,,,Bucketed (Reporting TZ),,CONVR,Optional: show Gini coefficient alongside.
14.12,Recruiting,Operational Performance,Meeting Hours / FTE (weekly),Sum of meeting hours per FTE per week in pilot functions.,sum( meeting_duration_hrs ) / count( FTE ),Meeting hours,FTE count,,,,,,,,Duration (UTC),,,Use consistent working-hours definition.
14.13,Recruiting,Operational Performance,No-Show %,Share of scheduled interviews where the candidate or interviewer did not attend.,"count( interview_status in {No Show, Canceled Late} ) / count( scheduled_interviews )",No-shows and late cancels,Scheduled interviews,,,,,,,,Bucketed (Reporting TZ),,CONVR,Track candidate vs interviewer separately.
14.14,Recruiting,Operational Performance,On-time Scorecards % (≤24h),Share of submitted scorecards received within 24 hours of interview end.,count( scorecard_submitted_dt - interview_end_dt ≤ 24h ) / count( scorecards ),On-time scorecards (≤24h),All scorecards,,,,,,,,Duration (UTC),,CONVR,Break out by HM vs panel to target nudges.
14.15,Recruiting,Operational Performance,Pass-through %: App → Screen,Share of applications that progress to recruiter screen.,count( moved_to_screen ) / count( applications ),Applications with screen date,Applications,,,,,,,,Bucketed (Reporting TZ),,CONVR,"Pass-throughs: Denominator = candidates who ENTERED the stage in the period; Numerator = those who LATER reached the next stage (allow lag across weeks).
Cohorting: Use apply week (App→Screen) and stage-entry week for all pass-through denominators; do not mix with event week."
14.16,Recruiting,Operational Performance,Pass-through %: Final → Offer,Share of final loops that result in an offer.,count( offers.sent ) / count( final_loops ),Offers sent,Final loops,,,,,,,,Bucketed (Reporting TZ),,CONVR,"Pass-throughs: Denominator = candidates who ENTERED the stage in the period; Numerator = those who LATER reached the next stage (allow lag across weeks).
Cohorting: Use apply week (App→Screen) and stage-entry week for all pass-through denominators; do not mix with event week."
14.17,Recruiting,Operational Performance,Pass-through %: HM → Final,Share of HM interviews that progress to final loop.,count( moved_to_final ) / count( HM_interviews ),HM interviews with final date,HM interviews,,,,,,,,Bucketed (Reporting TZ),,CONVR,"Pass-throughs: Denominator = candidates who ENTERED the stage in the period; Numerator = those who LATER reached the next stage (allow lag across weeks).
Cohorting: Use apply week (App→Screen) and stage-entry week for all pass-through denominators; do not mix with event week."
14.18,Recruiting,Operational Performance,Pass-through %: Offer → Hire,Share of offers that result in a hire.,count( hires ) / count( offers.sent ),Hires,Offers sent,,,,,,,,Bucketed (Reporting TZ),,CONVR,"Pass-throughs: Denominator = candidates who ENTERED the stage in the period; Numerator = those who LATER reached the next stage (allow lag across weeks).
Cohorting: Use apply week (App→Screen) and stage-entry week for all pass-through denominators; do not mix with event week."
14.19,Recruiting,Operational Performance,Pass-through %: Screen → HM,Share of screens that progress to HM interview.,count( moved_to_HM ) / count( screens ),Screens with HM date,Screens,,,,,,,,Bucketed (Reporting TZ),,CONVR,"Pass-throughs: Denominator = candidates who ENTERED the stage in the period; Numerator = those who LATER reached the next stage (allow lag across weeks).
Cohorting: Use apply week (App→Screen) and stage-entry week for all pass-through denominators; do not mix with event week."
14.20,Recruiting,Operational Performance,"Time-to-Hire (days, median)",Calendar days from application submission to offer acceptance (or hire) for filled requisitions.,median( offer_accepted_dt - application_dt ),Offer accepted dates,Applications with accepted offers,,,,,,,,Duration (UTC),,CONVR,"If using 'hire_dt' instead of 'offer_accepted_dt', note in version."
14.21,Recruiting,Operational Performance,"Time-to-Schedule (hours, median)",Hours from interview request creation to first scheduled interview start time.,median( interview_start_dt - interview_request_dt ) * 24,Scheduled interview start times,Interview requests,,,,,,,,Duration (UTC),,CONVR,Use UTC or local consistently.
15.04,Staffing Effectiveness,Operational Performance,Referral Rate (%Submitted),Referrals submitted divided by average headcount in period.,(Referrals / Average Headcount) * 100 | count( referrals ) / avg( headcount ),Referrals submitted,Average Headcount,Measurement of the Referral Program.,,,,,,,Bucketed (Reporting TZ),,Referral Program,Segment by department and location.
15.05,Staffing Effectiveness,Operational Performance,Referral Conversion Rate,Referrals hired as a percentage of total referrals. | Hires from referrals divided by referrals submitted.,(External Hires.Referrals / Referrals) * 100 | count( referral_hires ) / count( referrals ),Hires from referrals,Referrals submitted,Success of the Referral Program.,,,,,,,Bucketed (Reporting TZ),,CNVR,"Add stepwise conversion: Referral→App, App→Screen, etc."
15.09,Staffing Effectiveness,Operational Performance,Offer Acceptance Rate%,Percentage of offers that were accepted.,(Offers.Accepted / Offers.Extended) * 100 | count( offers.accepted ) / count( offers.sent ),Accepted offers,Sent offers,staffing effectiveness,,,,,,,Bucketed (Reporting TZ),,CNVR,Track reasons (expired/declined/withdrawn) as sub-dimensions.
15.13,Staffing Effectiveness,Operational Performance,Interviews to Hire Ratio (#Applicants) | Interviewee Ratio,Average number of applicants interviewed for each internal and external hire. |Average number of interviews conducted for hired candidates.,Applicants.Interviewed / Offers.Accepted | count( interviews_for_hires ) / count( hires ),Applicants.Interviewed | Interviews for hired candidates,Offers.Accepted | Hires,one in a series that provides an indication of the proportion of candidates admitted through various gates in the recruiting process.,,,,,,,Bucketed (Reporting TZ),,CNVR,Break out by team/level; watch for panel duplication.
15.14,Staffing Effectiveness,Operational Performance,Interview-to-Offer Rate % | Interviewee Offer Rate,Offers extended as a percentage of distinct applicants interviewed during the period. | Share of interviewed applicants who received an offer.,(Offers.Extended / Applicants/Interviewed) * 100 | count( offers.sent ) / count( applicants_interviewed ),Offers sent,Applicants interviewed,one in a series that provides an indication of the proportion of candidates admitted through various gates in the recruiting process.,,"For example, a result of 10% means that 10% of interviewed applicants received job offers.",,,,,Bucketed (Reporting TZ),,CNVR,Equivalent to Interview→Offer conversion.
15.15,Staffing Effectiveness,Operational Performance,"Time-to-Start, Average (days)",Average number of days elapsed between requisition date and start date for internal and external hires. | Average calendar days from offer acceptance to candidate start date.,Total days to Start / Hires | avg( start_dt - offer_accepted_dt ),Sum of days from acceptance to start,Hires,Staffing Timeliness,,,,,,,Duration (UTC),,CNVR,Track separately for relocations if needed.
15.16,Staffing Effectiveness,Operational Performance,"Time-to-Fill, Average (days)",Average number of days elapsed between requisition date and offer acceptance for internal and external hires. | Average calendar days from requisition open (or approved) to offer acceptance for filled requisitions.,Total Days to Fill / Offers.Accepted | avg( offer_accepted_dt - req_open_dt ),Total Days to Fill | Sum of days from open to offer acceptance,Offers accepted,Staffing Timeliness,,,,,,,Duration (UTC),,CNVR,"If using 'posted_dt' instead of 'open_dt', note in version."
15.18,Staffing Effectiveness,Operational Performance,Interviews Per Hire Average (#Interviews:1Applicant),Average number of interviews conducted with the hired candidate for each internal and external hire.,(Interviews.Applicants.Offers.Accepted / Applicants.Offers.Accepted),Interviews.Applicants.Offers.Accepted,Applicants.Offers.Accepted,Staffing Efficiency,,"Average Interviews per Hire indicates, for each person hired within a period, how many interviews that person had before being hired. For example, a result of 5.5 means that people hired had an average of 5.5 interviews during the recruiting process.",,,,,,,CNVR
15.19,Staffing Effectiveness,Operational Performance,Pass-through Ratio: Applicants --> Hire | Applicant Ratio,Average number of applicants for each internal and external hire.,Applicants / Offers.Accepted,Applicants ,Offers.Accepted,Applicant screening resources required from a job applicant pool.,,One in a series that provides an indication of the proportion of candidates admitted through various gates in the recruiting process.,,,,,,,CNVR
15.20,Staffing Effectiveness,Operational Performance,Recruiting - Applicant Interview Rate (%Apps-to-Interview),Percentage of applicants that are interviewed during a period. | Share of applicants who were interviewed (any interview).,(Applicants.Interviewed / Applicants) * 100 | count( applicants_interviewed ) / count( applicants ),Applicants.Interviewed,Applicants,"Balance between interviewing ""enough"" candidates to provide a sufficient sampling of the qualified candidate pool and straining the recruiting process by interviewing an excessive number of candidates.",,A result of 20% means that 20% of all applicants are interviewed.,,,,,Bucketed (Reporting TZ),,CNVR,Equivalent to App→Interview pass-through.
15.02,Staffing Effectiveness,Outcome & Impact,New Hire Turnover Contribution (%Terminations) - SEE 17.14,Terminations of short-tenure employees as a percentage of total terminations during the reporting period.,(Terminations.Short Tenure / Terminations) * 100,#Terminations.Short Tenure ,#Terminations,employee turnover Analysis,,"New Hire Turnover Contribution measures the percentage of terminations that come from “short-tenure” employees. While this measure does not indicate whether turnover among short-tenure employees is high or low, it does indicate the extent to which the turnover experienced by the organization comes from short-tenure employees. A result of 30% means that 30% of all terminations were of employees with short tenure."
15.08,Staffing Effectiveness,Outcome & Impact,On-Time Talent Delivery Factor (days per accepted offer),"Average number of days that hired employee start dates differ from requisition need-by dates. | Average deviation in days between need-by date and offer acceptance date; negative = early, positive = late.",Total Days Deviation from Need-By Date / Offers.Accepted | avg( offer_accepted_dt - need_by_dt ),Total Days Deviation from Need-By Date | Sum of (accepted_dt - need_by_dt),Offers accepted,Staffing timeliness  measurement,,"A result of -2,5 for On-Time Delivery Factor indicates that, on average, hires start two and a half days prior to their need-by dates. A result of 4.0 indicates that, on average, hires start four days after their need-by dates.",,,,,Duration (UTC),,,Report distribution (p50/p75/p90). A value >0 indicates late delivery.
15.12,Staffing Effectiveness,Outcome & Impact,New Hire Failure Factor (90-day),Terminations of low-tenure employees as a percentage of total hires during the reporting period. | Share of external hires who exit within 90 days of start.,(Terminations.Short Tenure / External Hires) * 100 | count( terminations_short_tenure ) / count( external_hires ),Terminations.Short Tenure | Terminations within 90 days,External hires,staffing effectiveness. ,,,,,,,Bucketed (Reporting TZ),,"As an alternative to viewing termination rates within various tenure levels, New Hire Tenure instead compares ""short tenure"" terminations to the number of external hires made within the period.","Define 'short tenure' window explicitly (e.g., ≤90 days)."
13.01,Productivity,Sentiment & Experience,Employee Engagement Index,Relative measure of employee's engagement in their work.,Survey,Survey,Survey,Measurement of employee engagement for purposes of predicting productivity and/or as a tool for analytically deriving the reasons for low engagement so they can be addressed before they lead to low productivity.,,"Organizations typically measure employee engagement using survey results. Each survey will likely have a different set of questions or methodologies for measuring employee engagement. The Employee Engagement Index measures employees’ engagement with their jobs or day-to-day work. It is based on survey questions that assess factors such as the effort and enthusiasm they put into their daily activities. It is designed to measure the extent to which employees contribute their discretionary effort to the firm. Employee engagement is thus distinct from employee commitment, which measures attachment to the firm and views of the firm as a great place to work.",,,,,,,CSAT
14.08,Recruiting,Sentiment & Experience,Candidate NPS,Net Promoter Score from post-process survey on 0–10 scale.,(count(9–10) − count(0–6)) / count(all) * 100,Promoters − detractors,All responses,,,,,,,,Bucketed (Reporting TZ),,CSAT,Report separately by hired vs. not hired.
15.10,Staffing Effectiveness,Sentiment & Experience,New Hire Satisfaction with Recruiting,An indication of how satisfied recent hires were with the recruiting process.,Survey,Survey,Survey,Staffing Effectiveness Measure,,New Hire Satisfaction with recruiting represents a survey index or set of questions for recent hires to determine their satisfaction with the recruitment process.,,,,,,,CSAT
15.11,Staffing Effectiveness,Sentiment & Experience,New Hire Performance Satisfaction,How well recent hires are performing within their positions.,Survey,Survey,Survey,Staffing Effectiveness Measure,,New Hire Performance Satisfaction represents a survey index or set of questions posed to the managers of recent hires to determine the performance levels of those recent hires.,,,,,,,Perf. Eval
1.01,Attendance,Operational Performance,Absence Rate - Unscheduled by Days Worked (%of Work Time),Unscheduled Absence days a percentage of total workdays.,(Unscheduled Absence Days / Workdays) * 100,#Unscheduled Absence Days,#Total Workdays,,,"A result of 3% means that unscheduled absences total 3% of all workdays. Put differently, a result of 3% means that, on an average day, 3 of every 100 employees are absent due to an unscheduled reason. This measure is an alternative measure of absence volume to Unscheduled Absence Days per Employee, providing a perspective by days worked rather than by employee. | Increase in unscheduled absence could indicate a job dissatisfaction problem – possibly supervisor or working conditions. Decrease in unscheduled absence could indicate a program to improve employee engagement, job satisfaction and motivation is working.",,,,,,,"job dissatisfaction, program to improve employee engagement, job satisfaction and motivation is working."
1.02,Attendance,Operational Performance,Absence Rate - Unscheduled by Employee (#Days),Average number of days of unscheduled absences per employee during the reporting period.,Unscheduled Absence Days / Average Headcount,#Unscheduled Absence Days,Average Headcount,,,"A result of 1.5 means that, on average, each employee missed one and a half days of work during the period for unscheduled reasons. This measure is an alternative measure of absence volume to Unscheduled Absence Rate, providing a perspective by employee rather than by days worked. | Increase in unscheduled absence could indicate a job dissatisfaction problem – possibly supervisor or working conditions. Decrease in unscheduled absence could indicate a program to improve employee engagement, job satisfaction and motivation is working."
1.03,Attendance,Operational Performance,Absence Breakdown - Unscheduled,"Distribution of unscheduled absences by type, including sick leave, workplace injury, family leave, industrial dispute, etc.",(Unscheduled Absence Days.[Type] / Unscheduled Absence Days) * 100,#Unscheduled Absence Days.[Type],#Unscheduled Absence Days,,,"Unscheduled Absence Breakdown indicates the composition of unscheduled absence days that occurred during a period by the absence type. Graphically, the data are presented as a percentage of the total unscheduled absences, i.e., a stacked bar graph."
1.04,Attendance,Operational Performance,Work Schedule Flexibility Rate (%of Workforce),Employees with a flexible work schedule as a percentage of total employees.,(End of Period Headcount.Flexible Work Schedule) / End of Period Headcount) *100,End of Period Headcount.Flexible Work Schedule,End of Period Headcount,,,A result of 10 indicates that 10% of the workforce participates in a flexible work arrangement and may not work the standard operating hours of the organization. | Compare productivity & engagement
1.05,Attendance,Operational Performance,Absence - PTO Utilization Rate (%Use),Paid time off hours taken as a percentage of those hours earned during the reporting period.,(PTO Hours.Used / PTO Hours.Accrued) * 100,#PTO Hours.Used,#PTO Hours.Accrued,"Finance Forecasting, Staffing Resource Planning",,"A result of 80% means that for every 10 hours of PTO that employees accrue, they are only taking eight hours off."
1.06,Attendance,Cost Efficiency,Absences (Unscheduled) Compensation Value Per FTE,Average compensation cost of unscheduled absences per full-time equivalent employee.,(Unscheduled Absence Days * Direct Compensation.Daily) / FTE,Unscheduled Absence Days * Direct Compensation.Daily,FTE,,,"For example, a result of $500 means that the compensation costs of employees’’ unscheduled absences, spread across all employees, averaged $500 per employee. Put differently, a result of $500 means that during the period, the organization paid $500 per FTE in compensation for unscheduled absences."
1.07,Attendance,Operational Performance,Absence Rate (%of Work Time),Total days of employee absence as a percentage of total expected workdays during the reporting period.,(Absence Days / Workdays) * 100,#Absence Days,#Workdays,,,"Absence Rate indicates the percentage of work time, expressed as workdays, that the average employee is absent for any reason during a period. A result of 3% means that absences total 3% of all workdays. Or, put differently, on an average day, 3 of every 100 employees are absent."
2.01,Benefits,Cost Efficiency,Benefits Expense Rate by %Total Comp Expense,Benefits expense as a percentage of compensation and benefits expenses.,(Benefits Expense / Total Compensation Expense) * 100,Benefits Expense ($),Total Compensation Expense ($),,,A result of 30% indicates that benefits expenses compose 30% of the total amount an organization spends on employee compensation and benefits.
2.02,Benefits,Sentiment & Experience,Benefits Satisfaction Index,A relative measure of employees’ satisfaction with the benefits provided by the organization.,Survey,Survey,Survey,,,"Benefits Satisfaction Index is a measure of employees’ overall satisfaction with benefits, such as medical insurance, dental insurance, disability insurance, child care, commuting, concierge, tuition reimbursement, or other benefit programs. Variations of this measure may present the results of individual survey questions (e.g., percentage of workforce rating medical benefits as “excellent”) or other subindexes of this overall satisfaction indicator."
2.03,Benefits,Cost Efficiency,Benefits Expense Rate by % Operating  Expense (%Org Cost),Benefits expense as a percentage of operating expense.,(Benefits Expense / Operating Expense) * 100,Benefits Expense ($),Operating Expense ($),,,Benefits Operating Expense Rate measures employee benefits costs (the organization’s portion) as compared to total operating expenses. A result of 5% means that benefits costs make up 5% of the organization’s total operating expenses.
2.04,Benefits,Cost Efficiency,Benefits Breakdown by Expense Type (%of Total),Organizational costs of employee benefits by type of benefit.,(Benefits Expense.[Benefit Type] / Benefits Expense) * 100,Benefits Expense.[Benefit Type],Benefits Expense ($),,,"Benefits Expense Type Breakdown provides the composition of benefits expense by various benefit types. Graphically, the data is presented as a percentage of the total Benefits Expense, i.e., a stacked bar graph."
2.05,Benefits,Cost Efficiency,Benefits Expense Amount Per FTE ($Amount),Average benefits expense (organization’s contribution) per full-time equivalent employee.,Benefits Expense / FTE,Benefits Expense ($),#FTE
3.01,Compensation,Operational Performance,Workweek Average Per Employee (#Time),Average number of hours worked per week per employee,(Hours Worked / Number of Weeks) / Average Headcount,#Hours Worked / #Number of Weeks,#Average Headcount,,,"Average Workweek measures the number of hours worked per week per employee, on average. A result of 37 means that the average person employed by the organization worked 37 hours per week during the period."
3.02,Compensation,Operational Performance,Stock Incentive Eligibility Rate (%of Workforce),The percentage of employees eligible to receive stock-based incentives.,(End of Period Headcount.Stock Incentive Eligible / End of Period Headcount) *100,End of Period Headcount.Stock Incentive Eligible,End of Period Headcount,,,A value of 30 indicates that 30% of employees are eligible to receive stock-based incentives.
3.03,Compensation,Cost Efficiency,Stock Options Exercised Per Employee (#Amount),Average number of stock options exercised per option-eligible employee.,Stock Options.Exercised / End of Period Headcount.Stock Option Eligible,Stock Options.Exercised,End of Period Headcount.Stock Option Eligible,,,A value of 100 indicates that on average eligible employees exercised 100 stock options during the reporting period.
3.04,Compensation,Cost Efficiency,Stock Options Net Proceeds Per Employee ($Amount),Net proceeds to employees exercising stock options during the period for each employee who has exercised options.,Stock Option Net Proceeds / Headcount.Stock Option Eligible. Exercised,Stock Option Net Proceeds,Headcount.Stock Option Eligible. Exercised,,,Net Proceeds of Options per Employee Exercising indicates the average amount received by employees exercising options. The net proceeds are equal to the difference between sale price and strike price multiplied by the number of options exercised.
3.05,Compensation,Cost Efficiency,Stock Equity Incentive Value Per Employee,The average value of equity incentives granted or earned per eligible employee.,Equity Incentive Value / Average Headcount.Equity Incentive Eligible,Equity Incentive Value,Average Headcount.Equity Incentive Eligible,,,"Equity Incentive Value per Employee indicates the value of stock incentives granted to or earned by each eligible employee over the course of the period, using Black-Scholes or other valuation techniques. Stock incentives may include stock options, restricted stock, stock appreciation rights, performance shares, or other compensation related to equity. A value of $10,000 indicates that on average those eligible for an equity incentive received incentives valued at $10,000."
3.06,Compensation,Operational Performance,Stock Options Average Per Employee (#Amount),The average number of stock options granted per eligible employee during the period.,(Stock Options.Granted / Average Headcount.Stock Option Eligible) * 100,#Stock Options.Granted,#Average Headcount.Stock Option Eligible,,,"A result of 30 means that employees eligible to receive stock options received 30 options, on average, during the period."
3.07,Compensation,Operational Performance,Salary Change Rate - Upward (%of Workforce),Percentage of employees receiving base salary increases during the reporting period.,End of Period Headcount.Base Salary Increase / End of Period Headcount * 100,End of Period Headcount.Base Salary Increase,#End of Period Headcount
3.08,Compensation,Cost Efficiency,Compensation Expense Total Per FTE ($Amount),"Average total compensation expense, including direct, benefits, and equity compensation, per full-time equivalent employee.",Total Compensation Expense / FTE,Total Compensation Expense,#FTE
3.09,Compensation,Operational Performance,Overtime Rate (%Direct Comp),Overtime expense as a percentage of total direct compensation expense.,(Overtime Expense / Direct Compensation Expense) * 100,Overtime Expense,Direct Compensation Expense,,,"Overtime Rate measures the dollars of overtime paid relative to all forms of direct (cash) compensation paid. For example, a result of 10% indicates that overtime payments represent 10% of all cash payments to employees. By comparing overtime costs to all direct compensation costs, an organization can understand the impact of overtime on employees’ take-home pay and whether overtime costs represent an increasing or decreasing proportion of compensation over time."
3.10,Compensation,Cost Efficiency,Overtime Expense Per FTE ($Amount),Average overtime cash compensation per full-time equivalent employee.,Overtime Expense / FTE,Overtime Expense,#FTE
3.11,Compensation,Cost Efficiency,Compensation Ratio - Market Comparision (% to Other Orgs),Ratio of employees’ direct compensation to market-comparable direct compensation.,Direct Compensation Expense / Market Comparable Direct Compensation,Direct Compensation Expense,Market Comparable Direct Compensation,,,"Market Compensation Ratio provides the ratio of direct (cash) compensation provided by the employer to that provided by a comparable market group. A result of 80% means that the organization’s compensation offerings are 80% of the offerings of other organizations. These data are sometimes provided only for certain components of direct compensation (e.g., base salary and bonus), and may not be available for all positions within an organization."
3.12,Compensation,Cost Efficiency,Compensation Expense - Direct Per FTE ($Amount),"Average direct compensation expense, including wages, bonus, and other cash compensation, per full-time equivalent employee.",Direct Compensation Expense / FTE,Direct Compensation Expense,#FTE
3.13,Compensation,Cost Efficiency,Compensation Breakdown - Direct by Type (%Total),"Distribution of direct compensation by type, including base, overtime, bonus, incentives, etc.",(Direct Compensation Expense.[Compensation Type] / Direct Compensation Expense) * 100,(Direct Compensation Expense.[Compensation Type],Direct Compensation Expense,,,"Direct Compensation Breakdown provides the percentages of direct compensation paid that are of various compensation types. Graphically, the data are presented as a percentage of the total direct compensation, i.e., a stacked bar graph. Direct compensation, contrasted with benefits and equity compensation, relates to cash payments for base pay, variable pay, overtime, and other cash payments such as sign-on bonuses and relocation allowances."
3.14,Compensation,Cost Efficiency,Compensation (Direct) Expense Rate (%of Ops Expense),Direct compensation expenses as a percentage of operating expenses.,(Direct Compensation / Operating Expense) * 100,Direct Compensation,Operating Expense,,,Direct Comp Operating Expense Rate measures direct compensation (cash compensation such as wages and bonuses) as compared to total operating expenses. A result of 40% means that direct compensation makes up 40% of the organization’s total operating expenses.
3.15,Compensation,Sentiment & Experience,Compensation Satisfaction Index,A relative measure of employees satisfaction with compensation.,Survey,Survey,Survey,,,"Compensation Satisfaction Index is a subjective measure of employees’ satisfaction with compensation packages. Among employee survey results, many organizations find that employees report low satisfaction with compensation. Though employers may not expect high results, the measure can be tracked over time to monitor in if satisfaction is increasing or decreasing. However, these survey results can be used to compare specific employee populations by division, location, job family, age group, performance level, etc."
3.16,Compensation,Operational Performance,Bonus Receipt Rate (%of Workforce),Employees receiving a bonus as a percentage of total employees eligible to receive a bonus.,(End of Period Headcount.Receiving Bonus / End of Period Headcount.Bonus Eligible) * 100,End of Period Headcount.Receiving Bonus,End of Period Headcount.Bonus Eligible,"Performance Evaluation, Finance Budgeting"
3.17,Compensation,Operational Performance,Bonus Eligibility Rate (%of Workforce),Percentage of employees eligible to receive a bonus.,(End of Period Headcount.Bonus Eligible / End of Period Headcount) * 100,End of Period Headcount.Bonus Eligible,#End of Period Headcount
3.18,Compensation,Operational Performance,Bonus Rate (%of Compensation),Bonus compensation as a percentage of all direct (cash) compensation.,(Direct Compensation Expense.Bonus / Direct Compensation Expense) * 100,Direct Compensation Expense.Bonus,Direct Compensation Expense
3.19,Compensation,Operational Performance,Bonus Rate - Actual to Potential ,Average actual bonus compensation received as a percentage of total potential bonus compensation.,(Direct Compensation Expense.Bonus / Bonus Potential) * 100,Direct Compensation Expense.Bonus,Bonus Potential
3.20,Compensation,Cost Efficiency,Hourly Rate Average,"Average total compensation expense, including direct, benefits, and equity compensation, per working hour.",Total Compensation Expense / Work Hours,Total Compensation Expense,#Work Hours
4.01,Education / Development,Operational Performance,Tuition Reimbursement Request Rate (%of Workforce),Distinct employees submitting tuition reimbursement requests as a percentage of the workforce.,(Distinct Employees.Tuition Reimbursement Requests / Average Headcount) *100,Distinct Employees.Tuition Reimbursement Requests,Average Headcount
4.02,Education / Development,Outcome & Impact,Staffing Rate - High Potential (% of Workforce),Percentage of the workforce designated as high potential.,(End of Period Headcount.High Potential / End of Period Headcount) * 100,End of Period Headcount.High Potential,End of Period Headcount
4.03,Education / Development,Outcome & Impact,Staffing Rate - Graduate Degree (% of Workforce),Percentage of employees with a graduate degree or higher level of educational attainment.,(End of Period Headcount.Graduate Degree / End of Period Headcount) * 100,End of Period Headcount.Graduate Degree,End of Period Headcount,Workforce characteristics - education level,,"Staffing Rate—Graduate Degree indicates the percentage of the workforce that has attained a graduate degree (or equivalent advanced degree) or higher level of education. This measure, along with variations of this measure, can be useful in understanding the education levels of the workforce as a whole, as well as that of specific employee populations."
4.04,Education / Development,Outcome & Impact,Educational Attainment Breakdown ,"Distribution of headcount by employees’ educational attainment, e.g., high school, university, advanced degree, etc.",(End of Period Headcount.[Degree Level] / End of Period Headcount) * 100,End of Period Headcount.[Degree Level],End of Period Headcount,Workforce characteristics - education level,,"Educational Attainment Breakdown depicts the percentages of the workforce that have reached various educational levels. Graphically, these data are presented as a percentage of the total workforce, i.e., a stacked bar graph. The measure provides information about the percentage of the workforce that has achieved a particular level of degree, as well as the overall distribution of educational attainment throughout the workforce."
4.05,Education / Development,Operational Performance,Development Program Penetration Rate,Percentage of eligible employees participating in development programs.,(Development Program Participants / End of Period Headcount.Eligible for Development Programs) * 100,#Development Program Participants,E#nd of Period Headcount.Eligible for Development Programs,Development Program Participation %,,"Such programs may relate to developing supervisory skills, acquiring multifunctional skills through rotations, participating in mentoring or networking, or other developmental activities. This measure provides an organization with a report of how extensively the eligible workforce participates in such programs."
5.02,Employee Relations,Operational Performance,Grievance Time to Resolve,Average time required to satisfactorily resolve an employee grievance.,Days to Resolve / Grievances,#Days to Resolve,#Grievances,,,A result of 60 means that an average of 60 calendar days elapsed between the filing and the resolution of grievances.
5.03,Employee Relations,Operational Performance,Grievance Rate (%of Workforce),The average number of grievances filed internally per employee.,(Grievances / Average Headcount) * 100,#Grievances,Average Headcount,,,A result of 1% means that one grievance was filed for every 100 employees in headcount during the period.
5.04,Employee Relations,Outcome & Impact,External Complaint Factor,The average number of complaints to external agencies recorded per employee.,(External Agency Complaints / Average Headcount) * 100,#External Agency Complaints,Average Headcount,,,"External complaints are typically those filed with agencies such as, in the United States, OSHA or a state department of equal employment opportunity. Lawsuits filed by employees against the employer are also considered to be external complaints, as they are complaints requiring employer action toward an external party."
5.05,Employee Relations,Operational Performance,ADR - Alternative Dispute Resolution Success Rate,Percentage of total internal grievances resolved that were settled through alternative dispute resolution processes.,(Grievances.Resolved.ADR Process / Grievances.Resolved) * 100,#Grievances.Resolved.ADR Process,Grievances.Resolved,,,ADR Success Rate indicates the percentage of all employee internal resolved grievances that were resolved through an alternative dispute resolution (ADR) process. A result of 25% means that one of every four resolved grievances was resolved through ADR.
6.01,Health & Safety,Outcome & Impact,Work-Related Injury Return Ratio,Number of employees returning from disability leave for every resignation while on disability leave.,Disability Returns / Disability Resignations,Disability Returns,Disability Resignations,,,A result of 3.0 means that the organization had three employees return to work from a disability leave for every one employee that terminated from a disability leave. A result less than one indicates that the employees that terminated from disability leave outnumbered those that returned to work.
6.02,Health & Safety,Cost Efficiency,Workers Compensation Premium Per FTE ($Amount),Workers compensation premium paid per full-time equivalent employee.,Workers Compensation Premium / FTE,Workers Compensation Premium $,#FTE,,,"Workers Compensation Premium per FTE measures the cost to the organization of workers compensation insurance relative to workforce size, whether the organization is self-insured or insured through external parties."
6.03,Health & Safety,Outcome & Impact,Lost Time Incident Rate,Health and safety incidents that resulted in lost time per full-time equivalent employee.,H&S Incidents.Lost Time / FTE,H&S Incidents.Lost Time,#FTE,,,A result of .10 indicates that the organization experienced one health and safety incident with lost time for every 10 full-time equivalent employees.
6.04,Health & Safety,Outcome & Impact,H&S Incidents Per 100 FTEs,Health and safety incidents per 100 full-time equivalent employees.,H&S Incidents / 100 FTEs,H&S Incidents,100 FTEs,,,A result of 3.0 means that the employer experienced 3 incidents for every 100 full-time equivalent employees. This is a commonly used measure for gauging workforce safety and is the primary safety measure captured for regulatory bodies.
6.05,Health & Safety,Outcome & Impact,H&S Incident Type Breakdown,Health and safety incidents by type as a percentage of total health and safety incidents.,(H&S Incidents.[Type] / H&S Incidents) * 100,H&S Incidents.[Type],H&S Incidents,,,"H&S Incident Type Breakdown measures the composition of health and safety incidents by type of incident that occur during a period. Graphically, the data are. presented as a percentage of the total unscheduled absences, i.e., a stacked bar graph."
6.06,Health & Safety,Cost Efficiency,H&S Expense Per FTE ($Amount),Average occupational health & safety costs per employee.,H&S Expense / FTE,H&S Expense,#FTE,,,"A result of $1,000 means that the organization’s H&S costs equate to $1,000 for every full-time equivalent employee."
6.07,Health & Safety,Cost Efficiency,H&S Expense Breakdown,"Health and safety expense by type (prevention, rehabilitation, compensation, other) as a percentage of total H&S expense.",(H&S Expense.[Type] / H&S Expense) * 100,H&S Expense.[Type],H&S Expense,,,"H&S Expense Breakdown presents the composition of health and safety function expenses by type of expense that occur during a period. Graphically, the data are presented as a percentage of the total function expenses, i.e., a stacked bar graph."
6.08,Health & Safety,Operational Performance,Time Lost Average Per H&S Incident, Average working days lost per health and safety incident.,Working Days Lost / H&S Incidents,Working Days Lost,#H&S Incidents,,,"Average Time Lost per H&S Incident measures the average number of working days lost per health and safety incident and gives an indication of the severity of incidents occurring within the workplace. It may also be an indicator of the effectiveness of safety programs, procedures, training, and protective equipment."
7.01,HR Service Delivery,Operational Performance,Contact Center Service Level,The percentage of calls answered within a specified number of seconds.,Calls Answered Within Specified Seconds / Total Calls * 100,Calls Answered Within Specified Seconds,Total Calls,,,"For example, an employer may target employee service centers to answer 80% of calls within 20 seconds. The Service Level metric might report that 67% calls were actually answered within 20 seconds."
7.02,HR Service Delivery,Operational Performance,Self-Service Penetration Rate,HR transactions conducted via self-service as a percentage of the total number of HR transactions.,(HR Transactions Conducted via Self-Service / Number of HR Transactions) *100,HR Transactions Conducted via Self-Service,Number of HR Transactions
7.03,HR Service Delivery,Operational Performance,Contact Center - One Call Resolution RAte,Percentage of contact center transactions resolved within one call.,(Contacts Resolved in One Call / Total Contacts) * 100,Contacts Resolved in One Call,Total Contacts
7.04,HR Service Delivery,Sentiment & Experience,Contact Center Satisfaction,A relative measure of employee satisfaction with the contact center.,Survey,Survey,Survey,,,Contact Center Satisfaction represents a survey index or set of questions for employees who have contacted the employee service center. Questions survey employees’’ satisfaction with their contact center experience.
7.05,HR Service Delivery,Operational Performance,Contact Center Average Handle Time,The average agent work time per call.,Total Work Time / Total Calls,Total Work Time,Total Calls
7.06,HR Service Delivery,Operational Performance,HRIT Late Transaction Rate,Percentage of HRIT transactions that are entered late.,Late HRIT Transactions / HRIT Transactions * 100,Late HRIT Transactions,HRIT Transactions,,,HRIT Late Transaction Rate indicates the percentage of HRIT transactions that are entered after the prescribed target period. The target period for entering transactions may be based on a specified number of days after an action or on a month-end or quarter-end close date. A result of 5% would indicate that 5% of all HRIT transactions are entered “late.”
7.07,HR Service Delivery,Operational Performance,HRIT Average Days to Entry,Average days elapsed from action occurrence to HRIT transaction entry.,Total Days to Entry / HRIT Transactions,Total Days to Entry,HRIT Transactions,,,"Total days to entry is the time that it takes for an HR transaction to be entered into the HRIS. For example, if a job transfer occurs on the 1st of a month and the transaction is entered on the 10th, the elapsed days to entry is nine days. Average Days To Entry is the average of all transactions in a measurement period."
7.08,HR Service Delivery,Cost Efficiency,HR Technology Expense Rate,HR technology expense as a percentage of total organization technology expense.,(HR Expense.Technology / Technology Expense) * 100,HR Expense.Technology,Technology Expense,,, A result of 10% means that HR technology expenses make up 10% of total technology expenses.
7.09,HR Service Delivery,Operational Performance,HR Revenue Per HR Employee,Average revenue per human resources full-time equivalent employee.,HR Revenue / HR FTE,HR Revenue,HR FTE,"This measure will only apply to organizations that operate HR as a “profit center” function within the organization. Under this model, the rest of the organization must purchase certain HR services it wants or needs.",,HR Revenue per HR Employee represents the amount of revenue produced internally by the human resources function per HR employee for its services to the organization.
7.10,HR Service Delivery,Cost Efficiency,HR Revenue Expense Rate,HR revenue as a proportion of total HR expenses.,(HR Revenue / HR Expense) * 100,HR Revenue,HR Expense,"This measure will only apply to organizations that operate HR as a “profit center” function within the organization. Under this model, the rest of the organization must purchase certain HR services it wants or needs.",,"HR Revenue Expense Rate represents the amount of revenue produced internally by the human resources function for its services to the organization, as compared to the operating costs of the HR function. A result of 70% indicates that HR revenues cover 70% of the function’s operating expenses."
7.11,HR Service Delivery,Cost Efficiency,HR Operating Expense Rate,HR expense as a percentage of all operating expenses.,HR Expense / Operating Expense * 100,HR Expense,Operating Expense,,,"HR Operating Expense Rate measures the percentage of total operating expenses that are attributed to the HR function. This measure indicates the organization’s relative investment in the HR function as compared with other operating activities. A result of 2%, for example, means that HR expenses represent 2% of the organization’s total operating expenses."
7.12,HR Service Delivery,Cost Efficiency,HR Expense Per FTE,HR expense per full-time equivalent employee.,HR Expense / FTE,HR Expense,#FTE,,,"HR Expense per FTE measures the expenses associated with operating the HR function (including outsourcing costs) relative to the size of the workforce and indicates the relative investment in the HR function by the organization. A result of $3,000 means that HR expenses equate to $3,000 per full-time equivalent employee."
7.13,HR Service Delivery,Cost Efficiency,HR Expense Breakdown by Type,Distribution of HR expense by expense type.,HR Expense.[Expense Type] / HR Expense * 100,HR Expense.[Expense Type],HR Expense,,,"Graphically, the data are presented as a percentage of total HR expenses, i.e., a stacked bar graph. Included in this metric are expenses from those functions that have an identifiable organizational connection to the Human Resources department. The expense types that constitute HR operating expenses would include: Compensation and Benefits of HR Staff, Training Investment for HR Employees, Facilities and Overhead, Travel Expenses, Technology, Outsourcing, Consultancy, Agency Costs"
7.14,HR Service Delivery,Cost Efficiency,HR Expense Breakdown by Fuction,Distribution of HR expense by HR function.,HR Expense.[HR Function] / HR Expense * 100,HR Expense.[HR Function],HR Expense,,,"Graphically, the data are presented as a percentage of total HR expenses, i.e., a stacked bar graph. Included in this metric are expenses from those functions that have an identifiable organizational connection to the Human Resources department. Expenses might include staff compensation and benefits, travel, technology, training, and other operating costs. HR functions may be considered in terms of “core” and “noncore.”  Core HR functions, those that typically fall into HR’’s area of responsibility, include: Compensation and Benefits, Staffing/Recruiting, Learning and Development, Generalists/Line Support, Industrial and Employee Relations, HR Policy, Strategy, and Organization Development, HR Function Management and Administration | Noncore functions, those that frequently report through other organizational areas, include: Payroll, Diversity, performance management, HR information management, occupational health and safety"
7.15,HR Service Delivery,Operational Performance,HR Staffing Rate,HR full-time equivalent employees as a percentage of total organization full-time equivalent employees.,(HR FTE / FTE) * 100,HR FTE,FTE,,,"A result of 1% indicates that, on a full-time equivalent basis, one out of every one hundred employees is assigned to the HR function."
7.16,HR Service Delivery,Operational Performance,HR Staffing Coverage Ratio,Number of total organization employees per HR full-time equivalent employee.,Average Headcount / HR FTE,Average Headcount,HR FTE,,,Number of total organization employees per HR full-time equivalent employee.
7.17,HR Service Delivery,Operational Performance,HR Staffing Breakdown,Percentage breakdown of HR employees by HR functional area.,(HR End of Period Headcount.[Function] / HR End of Period Headcount) * 100,HR End of Period Headcount.[Function],HR End of Period Headcount,,,"HR Staffing Breakdown provides the percentages of the Human Resources workforce within each HR function, such as recruitment, compensation and benefits, learning and development, payroll, generalist/line support, etc. HR function is based on the work the employee supports, which may or may not correspond precisely to organizational units. Graphically, the data are presented as a percentage of the total HR workforce, i.e., a stacked bar graph."
7.18,HR Service Delivery,Operational Performance,HR Recruitment Source Ratio,Ratio of internal hires to external hires into the HR function.,HR Internal Hires / HR External Hires,HR Internal Hires,HR External Hires,,,An HR Recruitment Source Ratio of 3 means that the HR function has made 3 internal appointments to vacant positions for every 1 external hire.
7.19,HR Service Delivery,Operational Performance,Professional Staffing Mix Ratio,Number of HR clerical and operative full-time equivalent employees for every one HR managerial and professional full-time equivalent employee.,HR FTE.Clerical & Operative / HR FTE.Managerial & Professional,HR FTE.Clerical & Operative,HR FTE.Managerial & Professional
7.20,HR Service Delivery,Outcome & Impact,HR Mobility Rate,Transfers and promotions of HR employees as a percentage of the HR workforce.,(HR Promotions + HR Transfers) / HR Average Headcount * 100,HR Promotions + HR Transfers,HR Average Headcount,Understanding the extent to which HR is developing its own employees.,,An HR Mobility Rate of 10% means that 10% of employees in the HR function have transferred or been promoted within the period.
8.01,Internal Movement,Outcome & Impact,Upward Mobility %,"Promotions as a percentage of all internal movements, which include promotions, transfers, and demotions.",(Promotions / Internal Moovements)*100,Promotions,Internal Movements,"Rate of promotion, relative to other movements, for purposes of workforce planning that may include talent development, quality of hire, cost reduction, time to fill, or attrition reduction.",,"An Upward Mobility result of 40% means that 40% of internal movements for the period were promotions, while the other 60% were transfers and demotions.",,,,,,,"talent development, quality of hire, cost reduction, time to fill, attrition reduction."
8.02,Internal Movement,Operational Performance,Transfer Rate,Percentage of employees that were transferred during the reporting period.,(Transfers / Average Headcount) * 100,Transfers,Average Headcount,"Internal employee movement for purposes of Workforce Planning that may include talent development, quality of hire, cost reduction, time to fill, or attrition reduction.",,"Transfer Rate indicates the percentage of the workforce that has experienced a transfer action during the period. For example, a Transfer Rate of 20% means that 20% of employees in the organization have transferred internally within the period.",,,,,,,"talent development, quality of hire, cost reduction, time to fill, or attrition reduction."
8.03,Internal Movement,Operational Performance,Tenure - Promotion Speed Ratio (Average pre-promo),"Average position tenure, in years, prior to promotion.",Total Position Tenure Prior to Promotion / Promotions,Total Position Tenure Prior to Promotion,Promotions,"Measurement of promotions for purposes of workforce planning that may include talent development, quality of hire, cost reduction, time to fill, or attrition reduction.",,"Promotion Speed Ratio indicates, for employees that were promoted during the period, their average tenure in position prior to promotion. For example, an employee promoted two years after being hired into a position has a Promotion Speed Ratio equal to two years.",,,,,,,"talent development, quality of hire, cost reduction, time to fill, or attrition reduction."
8.04,Internal Movement,Outcome & Impact,Promotion Rate (%of Workforce),Percentage of employees that were promoted during the reporting period.,Promotions / Average Headcount * 100,Promotions,Average Headcount,"Measurement of promotions for purposes of workforce planning that may include talent development, quality of hire, cost reduction, time to fill, or attrition reduction.",,"For example, a Promotion Rate of 5% means 5% of employees in the organizations have received promotions within the reporting period.",,,,,,,"talent development, quality of hire, cost reduction, time to fill, or attrition reduction."
8.05,Internal Movement,Operational Performance,Lateral Mobility (Transfers),"Transfers as a percentage of all internal movements, including transfers, promotions, and demotions.",(Transfers / Internal Movements) * 100,Transfers (Lateral),"Internal Movements (lateral, promotuons, demotions)","Measurement of lateral movement across the organization for purposes of workforce planning that may include talent development, quality of hire, cost reduction, time to fill, or attrition reduction.",,"A Lateral Mobility result of 40% means that 40% of internal movements for the period were transfers, while the other 60% were promotions or demotions.",,,,,,,"talent development, quality of hire, cost reduction, time to fill, or attrition reduction."
8.06,Internal Movement,Operational Performance,Internal Placement Rate (% of Open Reqs),Internal hires as a percentage of total hires.,Internal Hires / (External Hires + Internal Hires)*100,Internal Hires,(External Hires + Internal Hires),"Measurement of strategies involving the mix of internal versus external hires for purposes of workforce planning that may include talent development, quality of hire, cost reduction, time to fill, or attrition reduction.",,An internal Placement Rate of 60% means that 60% of the organization's appointments to vacant positions were from internal talent rather than from external hires.,,,,,,,"talent development, quality of hire, cost reduction, time to fill, or attrition reduction."
8.07,Internal Movement,Outcome & Impact,Internal Hire Rate (%of Workforce),"Percentage of employees that moved internally during the reporting period, including transfers, promotions, or demotions.",(Internal Movements / Average Headcount) * 100,Internal Movements,Average Headcount,"Measurement of the movement of internal talent for purposes of workforce planning that may include talent development, quality of hire, cost reduction, or time to fill.",,"Internal hire rate indicates the percentage of the workforce that has moved internally during the period. Internal movements are those resulting from employees' internal job changes within the organization, whether through actions of transfer, promotion, or demotion. For example, an internal hire rate of 40% means that 40% of employees in the organization have experienced one of these movements within the period.",,,,,,,"talent development, quality of hire, cost reduction, or time to fill."
8.08,Internal Movement,Operational Performance,Cross-Function Mobility,Movements between functions as a percentage of total internal movements.,(Internal Movements.Function Change / Internal Movements) * 100,Internal Movements Function Change,Internal Movements,Measurement of developmental programs that focus on building cross- functional opportunities for leadership development or skill broadening.,,"Cross-Function Mobility indicates the percentage of internal movements that involve employees moving from one functional area to another, such as from Finance to Marketing or from Sales to Operations. Internal movements are those resulting from an employee's internal job changes within the organizations, regardless of function, whether through transfer, promotion, or demotion. A Cross-Function Mobility result of 40% means that 40% of internal movements for the period involved moves from one function to another, while the other 60% were movements within a function.",,,,,,,leadership development or skill broadening.
8.09,Internal Movement,Outcome & Impact,Career Path Ratio (Transfers --> Promotions),Number of employees internally promoted for every employee internally transferred to a new position.,Promotions / Transfers,Promotions,Transfers,"To gauge the success of internal development of managers, performance management process controls, or other workforce planning.",,"Career Path Ratio indicates the ratio of promotions to transfers that occurred within a period. A Career Path Ratio of .5 (i.e, a ratio of 1:2) means that there were two transfers for each promotion that occurred within the period."
9.01,Management / Leadership,Outcome & Impact,Successor Pool Growth Rate,Relative measure of the growth rate of the succession pool.,((Headcount.Successor Pool – Headcount.Successor Pool.Prior Year) / Headcount.Successor Pool.Prior Year) * 100,Headcount.Successor Pool – Headcount.Successor Pool.Prior Year,Headcount.Successor Pool.Prior Year,,,The Successor Pool Growth Rate establishes the percentage increase in headcount of the succession pool over the previous year. A result of 5% indicates that the current successor pool is 5% larger in size than it was last year.
9.02,Management / Leadership,Outcome & Impact,Successor Pool Coverage,Average number of employees in the managerial succession pool per manager.,(End of Period Headcount.Successor Pool / End of Period Headcount.Manager.Succession-Applicable) *100,End of Period Headcount.Successor Pool,End of Period Headcount.Manager.Succession-Applicable,,,Successor Pool Coverage measures the number of successors in the successor pool compared to the number of managers in the organization for whose positions require succession management focus. A result of 100% indicates that there are as many potential successors as there are managerial positions in need of potential successors.
9.03,Management / Leadership,Outcome & Impact,Positions Without Ready Candidates Rate,Percentage of managerial positions that do not have “ready” candidates identified for potential succession.,(End of Period Headcount.Manager.Succession-Applicable.No Ready Candidate / End of Period Headcount.Manager.Succession-Applicable) * 100,End of Period Headcount.Manager.Succession-Applicable.No Ready Candidate,End of Period Headcount.Manager.Succession-Applicable,,,Positions Without Ready Candidates Rate indicates the percentage of managerial positions that require succession management focus but do not have a “ready” candidate identified. A result of 20% means that 20% of succession-applicable managerial positions do not have successor candidates identified that are ready to assume the position immediately if needed.
9.04,Management / Leadership,Outcome & Impact,Manager Quality Index, A relative measure of employees’ perceptions of manager quality.,Survey,Survey,Survey,,,"Each survey will likely have a different set of questions or methodologies for measuring manager quality. The Manager Quality Index measures aggregate employee satisfaction with direct managers. The index is based on employee satisfaction with managers along multiple dimensions, including factors such as knowledge, skill, and personality. Although it provides an aggregate measure of manager quality, the index can also be disaggregated to identify those dimensions along which managers are particularly strong or weak.",,,,,,,CSAT
9.05,Management / Leadership,Outcome & Impact,Manager Instability Index,The percentage of employees who have had more than one manager within the most recent 12 months.,(End of Period Headcount.>1 Supervisor in Previous 1-Year Period / End of Period Headcount) * 100,End of Period Headcount.>1 Supervisor in Previous 1-Year Period,End of Period Headcount,,,A result of 30% means that 30% of employees have had a change in direct supervisor within the past year.
9.06,Management / Leadership,Operational Performance,LDP - Leadership Dev Plan Prevalence Rate,Percentage of managers with Leadership Development Plans in place.,(End of Period Headcount.Manager.LDP / End of Period Headcount.Manager) *100,End of Period Headcount.Manager.LDP,End of Period Headcount.Manager,,,"LDPs might contain planned or recommended steps for a leader related to executive coaching, training courses, supervisory experience, experience in new functions or business lines, mentoring, and other key developmental areas. The plan is targeted toward the leadership competencies or personal skills that have been identified as in need of improvement or generally beneficial to all leaders."
9.07,Management / Leadership,Sentiment & Experience,Employee Satisfaction with Leadership,Gauge of employee satisfaction with organizational leaders,Survey,Survey,Survey,,,"Employee Satisfaction with Leadership represents a survey index or set of questions for employees to express their satisfaction with the organization’s leadership. Such a measure or index may be titled differently, depending on the survey used. While the measure called Manager Quality Index relates to employees’ opinions of their direct managers, Employee Satisfaction with Leadership looks more broadly at employees’ opinions about the leadership of their business line, function, and area, as well as the leadership of the organization as a whole. The opinions solicited from relevant survey questions typically relate to leaders’ competencies and skills (e.g., communication, subject mastery, employee development, personality, decision making), their ability to inspire confidence and trust and motivate performance, and the appropriateness of the business strategy being pursued.",,,,,,,CSAT
9.08,Management / Leadership,Operational Performance,Cross-Functional Monility Managers,Internal movements of managers between functions as a percentage of total internal movements of managers.,(Internal Movements.Managers.Cross Function / Internal Movements.Managers) *100,Internal Movements.Managers.Cross Function,Internal Movements.Managers
10.01,Organizational Effectiveness,Cost Efficiency,R&D Espense Rate (%of Ops Expense),Research and development (R&D) expense as a percentage of total operating expense.,(R&D Expense / Operating Expense) * 100,R&D Expense,Operating Expense,,,A result of 10% means that R&D expenses represented 10% of the organization’s total operating expenses
10.02,Organizational Effectiveness,Outcome & Impact,New Products & Services Revenue Per FTE,Average new products and services operating revenue per full-time equivalent employee.,Operating Revenue.New Products & Services / FTE,Operating Revenue.New Products & Services,#FTE,,,"New Products and Services Revenue per FTE indicates the dollar amount of revenue generated specifically by new products and services, relative to the size of the workforce. New Products and Services Revenue is a subset of Operating Revenue, relating only to specific products and services."
10.03,Organizational Effectiveness,Outcome & Impact,Market Capitalization Per FTE,Average market capitalization per full-time equivalent employee.,Market Capitalization / FTE,Market Capitalization,#FTE,,,"Market capitalization, equal to the market price of stock shares multiplied by the number of shares outstanding, is considered one measure of a firm’s worth. It is essentially the value that the market places on the company, including both tangible assets listed on a balance sheet, as well as intangible assets such as brand name and workforce talent."
10.04,Organizational Effectiveness,Outcome & Impact,Intangible Asset Vale Per FTE,Average intangible market value per full-time equivalent employee.,(Market Capitalization –– Book Value) / FTE,Market Capitalization –– Book Value,#FTE,,,"The difference between the value that the market places on the firm’’s worth (market capitalization) and the book value of the firm’s assets represents the intangible assets of the organization. Such off-balance sheet assets include the product/service brand, the employment brand, the skills or characteristics of the workforce, or the intellectual property (including products, knowledge, tools, and processes) of the firm."
10.05,Organizational Effectiveness,Outcome & Impact,Employee Stock Ownership Percentage,Percentage of company stock owned by employees.,(Shares Outstanding.Employee Owned / Shares Outstanding) * 100,Shares Outstanding.Employee Owned,Shares Outstanding,,,"A result of 15%, for example, indicates that 15% of the company’’s outstanding shares are held by employees."
10.06,Organizational Effectiveness,Cost Efficiency,Corporate Expense Rate (%Ops Expense),Corporate operating expense as a percentage of total operating expense.,(Operating Expense.Corporate / Operating Expense) * 100,Operating Expense.Corporate,Operating Expense,,,"Corporate Expense Rate indicates the percentage of the organization’s operating expenses allocated to corporate functions, typically housed within a corporate office or corporate organizational unit. Corporate functions typically include HR, finance, legal, information technology, marketing, investor relations, corporate communications, facilities, real estate, procurement, and other functions that are essentially shared by the various business lines of the organization."
10.07,Organizational Effectiveness,Operational Performance,Work Units Per FTE,Number of relevant work units produced per full-time equivalent employee during this period.,Work Units / FTE,#Work Units,#FTE,,,"The implementation of this measure will differ from industry to industry, and even potentially from organization to organization, based on the types of products or services the employer produces. For a manufacturer, this measure could include the number of cars, pipe fittings, reams of paper, or cans of paint produced. For a financial services or other services firm, this measure could reflect the number of loans originated, policies issued, hours billed, or contracts written."
10.07,Organizational Effectiveness,Operational Performance,Throughput per FTE,Volume of completed standard work items per FTE per week.,count( completed_items ) / count( FTE ),Completed items,FTE count,,,,,,,,Bucketed (Reporting TZ),,CONVR,Normalize by complexity if available.
10.08,Organizational Effectiveness,Outcome & Impact,ROI - Return on Human Investment Ratio,Operating profit returned for every dollar invested in employee compensation plus benefits.,Operating Profit / Total Compensation Expense,Operating Profit,Total Compensation Expense
10.09,Organizational Effectiveness,Cost Efficiency,Contingent Labor Rate (%Ops Expense),Other labor costs as a percentage of total operating expense.,(Other Labor Expense / Operating Expense) * 100,Contingent Labor Expense,Operating Expense,,,"Other Labor, sometimes called contingent labor, is the workforce used by the organization to generate its revenue and profit but not represented as employees with a reporting system such as an HRIS."
10.10,Organizational Effectiveness,Outcome & Impact,Operating Revenue Per FTE,Average operating revenue per full-time equivalent employee.,Operating Revenue / FTE,Operating Revenue,#FTE
10.11,Organizational Effectiveness,Outcome & Impact,Operating Profit Per FTE,"Average operating profit (before tax, interest, and depreciation) per full-time equivalent employee.",Operating Profit / FTE,Operating Profit,#FTE
10.12,Organizational Effectiveness,Cost Efficiency,Operating Expense Per FTE,Average operating expense per full-time equivalent employee,Operating Expense / FTE,Operating Expense,#FTE
10.13,Organizational Effectiveness,Outcome & Impact,ROI - Human Investment Ratio,"Ratio of operating profit, adding back total compensation expense, returned for every dollar invested in employee compensation and benefits.",(Operating Profit + Total Compensation Expense) / Total Compensation Expense,Operating Profit,Total Compensation Expense
11.01,Payroll,Cost Efficiency,Payroll Expense Per Employee,Average payroll expense per employee.,Payroll Expense / Average Headcount,Payroll Expense,Average Headcount
11.02,Payroll,Operational Performance,Payroll Error Rate,Percentage of paychecks processed in which an error occurred.,Payroll Errors / Total Checks Processed * 100,Payroll Errors,Total Checks Processed,,,"A result of 3% means that, on average, 3 out of every 100 paychecks contains an error."
11.03,Payroll,Operational Performance,Overpayment Rate,Percentage of paychecks processed in which an overpayment occurred.,(Overpayments / Total Checks Processed) * 100,Overpayments,Total Checks Processed,,,"A result of 2% means that, on average, 2 out of every 100 paychecks includes an overpayment."
11.05,Payroll,Cost Efficiency,Overpayment Value Average,Average value of overpayments for the reporting period,Total Value of Overpayments / Overpayments,Total Value of Overpayments,Overpayments
12.01,Performance Management,Operational Performance,Upward Review Rate (%of Workforce),Percentage of eligible managers whose performance is appraised using an upward review.,(Managers.Upward Reviews / Managers.Eligible for Upward Review) * 100,Upward Reviews,Managers Eligible for Upward Review,Measurement of compliance with a Performance Appraisal Process.,,"For example, a result of 70% means that 70% of the employees eligible to receive an upward review actually received one."
12.02,Performance Management,Operational Performance,Self Review Rate (%of Workforce),Percentage of employees whose performance is appraised using a self-review.,(End of Period Headcount.Self Reviews / End of Period Headcount.Eligible for Self Review) * 100,End of Period Headcount Self Reviews,End of Period Headcount.Eligible for Self Review,Measurement of compliance to the Performance Appraisal process.,," For example, a result of 70% means that 70% of the employees eligible to complete a self review actually completed one."
12.03,Performance Management,Operational Performance,Performance Contingent Pay Prevalence (%of Workforce),Percentage of employees whose total compensation is at least in part dependent on individual performance.,(End of Period Headcount.Performance Contingent Compensation / End of Period Headcount) * 100,End of Period Headcount.Performance Contingent Compensation,End of Period Headcount.,Measurement of the penetration of performance-based pay.,,Performance contingent pay can be wage or bonus compensation that is dependent on individual performance.
12.04,Performance Management,Cost Efficiency,Performance-Based Pay Differential,Ratio of the direct compensation (cash compensation) of high performers to the direct compensation of non-high performers., Average Direct Compensation.High Performers / Average Direct Compensation.Non-High Performers,Average Direct Compensation.High Performers,Average Direct Compensation.Non-High Performers,Measuring the pay differential by performance.,,"Performance-Based Pay Differential answers the question, “How much more do high performers earn than others?” It does so by comparing the direct compensation, including wages, bonus, and other cash compensation, of high performers to that of non-high performers. A result of 1.5 indicates that high performers earn $1.50 of direct compensation for every $1.00 earned by non–high performers."
12.05,Performance Management,Outcome & Impact,Performance Rating Distribution,Distribution of performance appraisal occurrences by appraisal rating.,(Performance Appraisal Occurrences.[Rating] / Performance Appraisal Occurrences) * 100,Performance Appraisal Occurrences.[Rating],Performance Appraisal Occurrences.,Measurement of the Performance Rating Distribution. Useful for comparing one employee segment to another.,,"Performance Rating Distribution provides the percentages of performance appraisal occurrences that result in various ratings. Graphically, the data are presented as a percentage of Performance Appraisal Participants, i.e., a stacked bar graph."
12.06,Performance Management,Operational Performance,Performance Appraisal Particiation Rate,Percentage of eligible employees who have received a performance appraisal during the reporting period.,(End of Period Headcount.Appraisal Eligible.Performance Appraisal / End of Period Headcount.Appraisal Eligible) * 100,End of Period Headcount.Appraisal Eligible.Performance Appraisal,End of Period Headcount.Appraisal Eligible.,Measurement of compliance to the Performance Appraisal process.,,"For example, a result of 80% means that 80% of eligible employees actually received an appraisal during the period."
12.07,Performance Management,Operational Performance,Peer Review Rate,Employees whose performance is appraised in part through peer reviews as a percentage of eligible employees.,(End of Period Headcount.Peer Review / End of Period Headcount. Eligible for Peer Review) * 100,End of Period Headcount. Peer Review,End of Period Headcount. Eligible for Peer Review,Measurement of compliance with the performance appraisal process.,,"For example, a result of 70% means that 70% of the employees eligible to receive a peer review actually received one. Results will tend to vary based on whether the practice is considered to be a mandatory component of the performance review process or a voluntary practice that may be instituted by individual managers. High results for this measure indicate that there are high compliance or adoption rates for the peer review practice."
12.08,Performance Management,Outcome & Impact,High Performer Growth Rate,Percentage of performance appraisal participants whose rating improved to a “high” rating from a previous rating that was less than “high.”,(Performance Appraisal Participants.Rating High / Performance Appraisal Participants.Previous Rating Non-High) * 100,Performance Appraisal Participants.Rating High,Performance Appraisal Participants.Previous Rating Non-High,"Measurement of Performance Appraisal Upgrades for purposes determining the effectiveness of the performance appraisal system, identifying managers able to effect high levels of employee performance improvement, and/or successful employee development efforts."
12.09,Performance Management,Outcome & Impact,Employee Upgrade Rate,Percentage of performance appraisal participants receiving a higher rate than the previous rating.,(Performance Appraisal Participants.Rating Increase / Performance Appraisal Participants) * 100,Performance Appraisal Participants.Rating Increase,Performance Appraisal Participants,Measurement of Performance Appraisal Upgrades for purposes determining the effectiveness of the performance appraisal system and/or employee development efforts.,,"For example, a result of 15% means that 15% of employees received a higher rating in the current period than in their previous appraisal. When performance is accurately assessed and ratings are accurately applied, this measure can offer an indication of whether employees are improving their performance and where pockets of improved performance can be found. Management may also find it useful to monitor rating increases because of their effects on bonus or other compensation plans, or any other programs linked to performance ratings."
12.10,Performance Management,Outcome & Impact,Employee Turnaround Rate,Percentage of employees receiving a poor performance rating at their preceding review whose rating increased during the period.,(Performance Appraisal Participants.Previous Rating Low.Rating Increase / Performance Appraisal Participants.Previous Rating Low) * 100,Performance Appraisal Participants.Previous Rating Low.Rating Increase,Performance Appraisal Participants.Previous Rating Low,Measurement of the organizations ability to improve poor performance using the performance appraisal system and/or specific employee development initiatives.,,"For example, a result of 20% indicates that 20% of employees who were low-rated at their previous review received a non-low rating at their most recent review. Assuming performance ratings are judged and applied accurately, this measure provides an indication of the improvement an organization is able to effect in low performers. Turnarounds may be attributed to changes employees make in their own performance, changes driven by managerial focus and coaching, changes driven by training, or a combination of these."
12.11,Performance Management,Outcome & Impact,"Performance Appraisal Rating, Average  (Mean)",Average performance appraisal rating of performance appraisals delivered during the period.,Total Performance Appraisal Rating / Performance Appraisal Occurrences,Total Performance Appraisal Rating,Performance Appraisal Occurrences,Useful when comparing the performance of different employee segments.,,"This measure indicates the mean performance appraisal rating for all performance appraisal participants in the reporting period. Organizations that give qualitative performance ratings (e.g., Meets, Exceeds) must convert each rating to a numeric equivalent to calculate an average.",,,,,,,Perf Eval
16.01,Training,Cost Efficiency,Training Total Compensation Expense Rate,Training expense as a percentage of total compensation expense.,(Training Expense / Total Compensation Expense) * 100,Training Expense,Total Compensation Expense
16.02,Training,Operational Performance,Training Staff Ratio,Number of employees for every full-time equivalent training function employee.,Average Headcount / FTE.Training Function,Average Headcount,FTE.Training Function,,,"A result of 1,000 means that there are 1,000 employees in the organization for every full-time equivalent training staff member."
16.03,Training,Outcome & Impact,Training Quality,A relative measure of the effectiveness of training courses.,Survey,Survey,Survey,,,"Training Quality presents a gauge of the effectiveness of training. While individual organizations may use various survey instruments to assess Training Quality, a commonly used approach is that developed by Donald Kirkpatrick in the late 1950s. Under the Kirkpatrick approach, Training Quality may be assessed at any of four progressive levels. Survey instruments, assessments, tests, and other tools may be used to develop an index for Training Quality at any or all of these levels for various training courses. Level One: Reaction—Measures trainees’ satisfaction with aspects of the training program, including topic, speaker, schedule, etc. Level Two: Learning—Measures the knowledge trainees acquire during the program, including skills improved, attitudes changed, etc. Level Three: Behavior—Measures the extent to which participants change their behavior on the job as a result of knowledge they acquire during training. Level Four: Results—Measures the results of training programs, including higher productivity, improved quality, increased sales, larger profits, reduced turnover, and reduced costs."
16.04,Training,Operational Performance,Training Penetration Rate,Percentage of employees completing specific course or content training.,((Employees Completing Course(s) / Total Employees to Be Trained)) * 100,Employees Completing Course(s),Total Employees to Be Trained,,,"Training Penetration Rate measures the percentage of employees completing a course or a content area of training. For example, an organization might measure the percentage of employees that have taken any courses related management development. For this purpose a Training Penetration Rate of 80% indicates that 80% of employees eligible to take a management development course have done so."
16.05,Training,Operational Performance,Training Hours per Occurrence,Average number of training hours per training occurrence.,Total Training Hours / Training Occurrences,Total Training Hours ,Training Occurrences
16.06,Training,Operational Performance,Training Hours Per FTE,Average number of training hours per full-time equivalent employee.,Total Training Hours / FTE,Total Training Hours,FTE
16.07,Training,Cost Efficiency,Training Expense Per Employee,Average training expense per employee.,Training Expense / Average Headcount,Training Expense,Average Headcount
16.08,Training,Operational Performance,Training Content Breakdown %,Distribution of training courses by content type.,(Distinct Courses Offered.[Content Type] / Distinct Courses Offered) * 100,Distinct Courses Offered.[Content Type],Distinct Courses Offered,This breakdown measure can help an organization better understand where training resources are focused and what types of courses are emphasized.,,"Training Course Content Breakdown provides the percentages of various content types of distinct courses offered, such as technical, managerial, customer service, orientation, product, leadership development, or other relevant categorizations. "
16.09,Training,Operational Performance,Traininig Channel Delivery Mix,"Breakdown of training course offerings by delivery type, e.g., classroom, e-learning, etc.",(Distinct Courses Offered.[Delivery Type] / Distinct Courses Offered) * 100,Distinct Courses Offered.[Delivery Type],Distinct Courses Offered
16.10,Training,Sentiment & Experience,Employee Satisfaction with Training,A relative measure of employees’ satisfaction with the training function.,Survey,Survey,Survey,,,"Employee Satisfaction with Training represents a survey index or set of questions for employees to determine their satisfaction with the quality and effectiveness of the training function. Such a measure or index may be titled differently, depending on the survey used. Survey questions may ask employees about satisfaction with particular courses, with particular curriculum areas or delivery types, or with the training function as a whole. Employees’ satisfaction levels with the training function typically represent a mixture of perceptions of quality of training, quality of instructors, breadth of training available, convenience, and value received. Training satisfaction surveys are typically administered either at the conclusion of a course or in an HR-related or general employee survey.",,,,,,,CSAT
16.11,Training,Operational Performance,E-learning Abandonment Rate,"Percentage of courses begun, but not completed, using learning technologies.",(E-Learning Courses Initiated.Abandoned / E-Learning Courses Initiated) *100,E-Learning Courses Initiated.Abandoned,E-Learning Courses Initiated
16.12,Training,Operational Performance,Training Class Size Average,Average class size | Average number of employees trained per class offered.,Total Training Participants / Courses Conducted,Total Training Participants,#Courses Conducted
17.01,Turnover / Retention,Cost Efficiency,Turnover Cost Rate - < 1-Year Tenure % - SEE 15.01,Cost of turnover for employees with less than one year of tenure as a percentage of the total turnover cost.,Total Termination Value.< 1-Year Tenure / Total Termination Value,Total Termination Value.< 1-Year Tenure,Total Termination Value,Staffing Effectiveness | Cost of low tenure employee attrition. Also as a measure of staffing effectiveness.,,"Turnover Cost Rate—< 1-Year Tenure measures the percentage of termination costs that come from employees with less than one year of tenure. While this measure does not indicate whether turnover costs among low-tenure employees is high or low, it does indicate the extent to which the turnover costs are driven by low-tenure employees. A result of 40% means that 40% of all termination costs are from these low-tenure employees. Most organizations experience their highest turnover among low-tenure employees. Low-tenure terminations carry with them similar costs and productivity losses to other terminations. However, low-tenure terminations might also signal potential failures of recruiting and onboarding processes. Therefore, New Hire Turnover Contribution can help an employer to approximate the magnitude of turnover costs driven by recruiting and onboarding issues as compared to other potential turnover issues. The higher the result for this measure, the greater the volume of turnover costs that might be prevented through recruiting and onboarding improvement.",,,,,,,"recruiting issues, onboarding issues"
17.02,Turnover / Retention,Cost Efficiency,Termination Value Per FTE ($Cost),The value of all terminations during the period per full-time equivalent employee.,Total Termination Value / FTE,Total Termination Value,FTE,Employee turnover cost,,"Termination Value per FTE represents the cost of all terminations to the organization, relative to workforce size. Employee terminations can carry direct costs as well as efficiency and productivity costs or customer service deterioration. Direct costs include departure costs (e.g., accrued vacation), vacancy costs (e.g., temporary replacement help, recruiting advertising), and new hire costs (e.g., screening, relocation, increased salary over previous employee). Other costs can include decreased morale, lost productivity while peers “cover” the vacancy, the lost productivity of recruiters and hiring managers for recruiting a replacement, and the ramp-up time to productivity required for the replacement employee."
17.03,Turnover / Retention,Cost Efficiency,Termination-Voluntary Value Average ($Cost),The average value of each voluntary termination during the reporting period.,Total Termination Value.Voluntary / Terminations.Voluntary,Total Termination Value.Voluntary ,Terminations.Voluntary,Employee turnover cost,,"Average Voluntary Termination Value represents the average cost of an Individual voluntary termination to the organization. Employee terminations can carry direct costs as well as efficiency and productivity costs or customer service deterioration. Direct costs include departure costs (e.g., accrued vacation), vacancy costs (e.g., temporary replacement help, recruiting advertising), and new hire costs (e.g., screening, relocation, increased salary over previous employee). Other costs can include decreased morale, lost productivity while peers “cover” the vacancy, the lost productivity of recruiters and hiring managers for recruiting a replacement, and the ramp-up time to productivity required for the replacement employee."
17.04,Turnover / Retention,Cost Efficiency,Termination Value Average ($Cost),The average value of each termination during the reporting period.,Total Termination Value / Terminations,Total Termination Value,#Terminations,Employee turnover cost,,"Average Termination Value represents the average cost of an individual Termination to the organization. Employee terminations can carry direct costs to an organization, as well as efficiency and productivity costs or customer service deterioration. Direct costs generally include departure costs (e.g., accrued vacation), vacancy costs (e.g., temporary replacement help, recruiting advertising), and new hire costs (e.g., screening, relocation, increased salary over previous employee). Other costs can include decreased morale, lost productivity while peers “cover” the vacancy, the lost productivity of recruiters and hiring managers for recruiting a replacement, and the ramp-up time to productivity required for the replacement employee."
17.05,Turnover / Retention,Outcome & Impact,Offer Fit Index,Relative measure of employees' perceptions of offer fit with the organization.,Survey,Survey,Survey,"Degree of alignment between the organization’s value proposition and the values, or preferences, of employees. In aggregate, the Offer Fit Index describes the level of offer fit across a number of specific job factors. The index is also diagnostic—it can be disaggregated to identify those elements of a firm’s employment value proposition that are more or less aligned with the preferences of employees.",,"Organizations typically measure offer fit using survey results. Each survey will likely have a different set of questions or methodologies for measuring offer fit. A high level of offer fit equates to a high degree of alignment between the organization’s value proposition (in terms of compensation and benefits, work–life balance, work environment, etc.) and the specific preferences of employees. This level of offer fit impacts employees’ commitment to the firm, engagement on the job, and likelihood of staying with or leaving the firm",,,,,,,"employment value proposition, employees’ commitment, engagement, likelihood of staying"
17.06,Turnover / Retention,Outcome & Impact,Market Opportunity Index,Relative measure of employees' perceptions of labor market opportunities outside the organization.,Survey,Survey,Survey,employee perceptions of external opportunities for purposes of predicting employee turnover and/or as a tool for analytically deriving the reasons for low commitment so they can be addressed before they lead to turnover issues.,,"Organizations typically measure perceived external market opportunity for employees using survey results. Each survey will likely have a different set of questions or methodologies for measuring this dimension. The Market Opportunity Index measures employee perceptions of external job opportunities. In effect, it assesses whether employees perceive a new job would be easy or difficult to find. The metric is a proxy for the pull of a “tight” labor market, and it represents an exogenous factor—external opportunities—that the firm cannot control. Low results for Market Opportunity Index are likely to negatively impact employees’ commitment and likelihood to stay with the organization. Organizations can study undesirable results further to understand whether it can improve its standing among external market opportunities in employees’ eyes, if those employees are at risk of departing for external opportunities.",,,,,,,"employee turnover, committment"
17.07,Turnover / Retention,Outcome & Impact,Employee Retention Index,Relative measure of the likelihood that employees will remain with the organization.,Survey,Survey,Survey,employee intent to stay/leave for purposes of predicting employee turnover and/or as a tool for analytically deriving the reasons for turnover so they  can be addressed before they lead to broader turnover issues.,,"Organizations typically measure likelihood of employee retention using survey results. Each survey will likely have a different set of questions or methodologies for measuring likelihood of employee retention. An Employee Retention Index measures the extent to which employees intend to leave the firm. It is based on survey questions assessing an employee’s intent to leave in the next year as well as actual job search behavior. Employee retention is thus distinct from employee commitment, which measures attachment to the firm and views of the firm as a great place to work. It is also distinct from employee engagement, which measures the effort and enthusiasm employees put into their daily work.",,,,,,,"employee turnover, committment"
17.08,Turnover / Retention,Sentiment & Experience,Employee Committment Index,Relative measure of employee's commitment to the organization,Survey,Survey,Survey,employee commitment for purposes of predicting employee turnover and/or as a tool for analytically deriving the reasons for low commitment so they can be addressed before they lead to turnover issues.,,"Organizations typically measure employee commitment using survey results. Each survey will likely have a different set of questions or methodologies for measuring employee commitment. An Employee Commitment Index measures an employee’s attachment and commitment to the firm or corporation. It is based on a number of survey questions that measure employees’ commitment, such as their desire to spend their career with the firm and their views on the firm as a great place to work. Commitment is distinct from employee engagement, which measures the effort and enthusiasm employees put into their daily work.",,,,,,,"employee turnover, committment"
17.09,Turnover / Retention,Operational Performance,Termination-Voluntary Rate (%of Headcount),Voluntary terminations during the reporting period as a percentage of average headcount.,(Terminations.Voluntary / Average Headcount) * 100,Terminations.Voluntary,Average Headcount,,,"Voluntary Termination Rate measures the percentage of employees who left the organization on their own initiation during the reporting period, for reasons such as resignation or retirement. Voluntary terminations are thus different from involuntary, or employer-initiated, terminations such as firings or layoffs. A result of 15% means that voluntary terminations equated to 15% of the workforce."
17.10,Turnover / Retention,Operational Performance,Termination Reason Breakdown,Distribution of terminations during a reporting period by type of termination.,(Terminations.[Termination Reason] / Terminations) * 100,Terminations.[Termination Reason],#Terminations,Employee turnover analysis,,"Termination Reason Breakdown measures the composition of terminations by type of termination, including voluntary and involuntary termination reasons. Graphically, the data are presented as a percentage of the total terminations, i.e., a stacked bar graph of voluntary and involuntary terminations."
17.11,Turnover / Retention,Operational Performance,Termination Rate (%Avg Headcount),Terminations during the reporting period as a percentage of average headcount.,(Terminations / Average Headcount) *100,#Terminations,Average Headcount,"Employee turnover for purposes of workforce planning that may include talent management, productivity, or cost reduction.",,"Termination Rate measures the percentage of employees who left the Organization during the reporting period. It reflects the total employee turnover within the organization, including both voluntary and involuntary separation reasons. For example, a result of 20% indicates that terminations equated to 20% of the average size of the workforce. A result of greater than 100% indicates that terminations exceeded the average size of the workforce during the period.",,,,,,,"Workforce planning (talent management, productivity, cost reduction)"
17.12,Turnover / Retention,Outcome & Impact,Termination Breakdown by Performance Rating,Distribution of terminations during a reporting period by performance rating of terminating employees.,(Terminations.[Performance Rating] / Average Headcount.[Performance Rating]) *100,Terminations.[Performance Rating],Average Headcount.[Performance Rating],"Employee turnover for purposes of workforce planning that may include talent management, productivity, or cost reduction.",,Termination Breakdown by Performance Rating indicates the percentage of employees who left from each performance group. For example. If the organization has 100 high performers and 10 high performers leave then the High Performer Turnover Rate = 10%. This does not mean that 10% of those who terminated are High Performers.,,,,,,,"talent management, productivity, or cost reduction."
17.13,Turnover / Retention,Outcome & Impact,Retention Rate,Percentage of all headcount during the period that did not terminate.,(Start of Period Headcount + External Hires - Terminations) / (Start of Period Headcount + External Hires) * 100,Start of Period Headcount + External Hires - Terminations,Start of Period Headcount + External Hires,"Employee retention for purposes of workforce planning that may include talent development, productivity, or cost reduction.",,"Retention Rate for a specified period measures the percentage of all employees present at any point during the period that are still with the organization at the end of the period. In a yearly view, this measure answers the question, “What percentage of all the people that have walked through our doors this year are still here?” A result of 80% indicates that 80% of employees that were with the organization at the start of the period or were hired during the period are still employed at the end of the period",,,,,,,"talent development, productivity, or cost reduction."
17.14,Turnover / Retention,Outcome & Impact,New Hire Turnover Contribution - SEE 15.2,Terminations of short-tenure employees as a percentage of total terminations during the reporting period.,(Terminations.Short Tenure / Terminations) * 100,#Terminations.Short Tenure ,#Terminations,employee turnover Analysis,,"New Hire Turnover Contribution measures the percentage of terminations that come from “short-tenure” employees. While this measure does not indicate whether turnover among short-tenure employees is high or low, it does indicate the extent to which the turnover experienced by the organization comes from short-tenure employees. A result of 30% means that 30% of all terminations were of employees with short tenure."
17.15,Turnover / Retention,Operational Performance,Termination -Involuntary Rate (%of Headcount),Involuntary terminations as a percentage of average headcount.,(Terminations.Involuntary / Average Headcount) * 100,Terminations.Involuntary,Average Headcount,Measuring company initiated employee turnover for purposes of workforce planning that may include cost reduction or talent management.,,"Involuntary Termination Rate measures employer-initiated terminations relative to the size of the workforce. It reflects the extent to which the organization has intentionally terminated employees through performance management outcomes, organizational skill adjustment, or downsizing efforts. A result of 15% means that involuntary terminations equated to 15% of the workforce.",,,,,,,cost reduction or talent management.
18.01,Workforce,Operational Performance,Tenure / Staffing Rate < 1-Year,Percentage of employees at the end of the period that have less than one year of tenure,(End of Period Headcount.< 1-Year Tenure / End of Period Headcount) * 100,End of Period Headcount.< 1-Year Tenure,End of Period Headcount,,,"A result of 10% means that 10% the employee population has less than 1 year of tenure. High levels of less than 1 year of tenure could be a result of rapid growth. More likely, high levels of less than 1 year of tenure is a result of staffing to replace high turnover.",,,,,,,high turnover
18.02,Workforce,Operational Performance,Staffing Breakdown by Tenure-Org ,Distribution of headcount by organizational tenure at the end of the reporting period.,(End of Period Headcount.[Tenure] / End of Period Headcount) * 100,End of Period Headcount.[Tenure],End of Period Headcount,,,"Organization Tenure Staffing Breakdown indicates the percentages of the workforce that fall within various tenure groupings. Graphically, the data are presented as a percentage of the total workforce, i.e., a stacked bar graph."
18.03,Workforce,Operational Performance,Tenure - Workforce Average #,The average tenure of the workforce at the end of the reporting period.,Total Workforce Tenure / End of Period Headcount,Total Workforce Tenure,End of Period Headcount,,, A result of 5.2 means that the average employee has an organizational tenure of 5.2 years.
18.05,Workforce,Operational Performance,Staffing Rate - Temporary (%of Workforce),Temporary employees as a percentage of the total full-time equivalent workforce.,(FTE.Temporary / FTE) * 100,#FTE.Temporary,#FTE ,,,"Staffing Rate——Temporary indicates the percentage of the organization’’s full-time equivalent workforce that is classified as ““temporary,”” as opposed to ““regular.”” Temporary workers are those who may be employed for a limited duration or those that are otherwise sourced from a temporary employment agency to fulfill short-term staffing needs."
18.06,Workforce,Outcome & Impact,Staffing Rate - Revenue Generating (%of Workforce),Full-time equivalent employees in revenue-generating roles as a percentage of all full-time equivalent employees.,(FTE.Revenue Generating / FTE) * 100,#FTE.Revenue Generating,#FTE ,,,A result of 20% indicates that one of every five employees serves in a role that creates revenue for the organization.
18.07,Workforce,Operational Performance,Staffing Rate - Part Time (%of Workforce),Part-time employees as a percentage of the total workforce.,(End of Period Headcount.Part Time / End of Period Headcount) * 100,End of Period Headcount.Part Time,End of Period Headcount,,,A result of 5% means that five of every one hundred employees are classified as part time.
18.08,Workforce,Operational Performance,Staffing Rate - Managerial (%of Workforce),Managers as a percentage of total headcount at the end of the reporting period.,(End of Period Headcount.Manager / End of Period Headcount) * 100,End of Period Headcount.Manager,End of Period Headcount,,,"Managerial positions, for this measure, typically refer to positions with managerial titles, regardless of whether those positions involve supervisory responsibility. A result of 20% means that 20% of all employees occupy managerial positions.",,,,,,,AI-1st
18.09,Workforce,Operational Performance,Staffing Rate - Customer Facing (%of Workforce),Full-time equivalent employees in customer-facing roles as a percentage of all full-time equivalent employees.,(FTE.Customer Facing / FTE) * 100,#FTE.Customer Facing,#FTE ,,,A result of 50% indicates that one of every two employees has direct contact with customers in their job role.
18.11,Workforce,Operational Performance,Staffing Breakdown by Function ,Distribution of headcount by function at the end of the reporting period.,(End of Period Headcount.[Function] / End of Period Headcount) * 100,End of Period Headcount.[Function],End of Period Headcount,,,"Function Staffing Breakdown provides the percentages of the workforce staffed within each organizational function, such as sales, finance, information technology, engineering, manufacturing, etc. Graphically, the data are presented as a percentage of the total workforce, i.e., a stacked bar graph."
18.12,Workforce,Operational Performance,Staffing Breakdown by Employment Level,"Distribution of headcount by employment level (e.g., exempt/non-exempt or salaried/hourly) at the end of reporting period.",(End of Period Headcount.[Employment Level] / End of Period Headcount) *100,End of Period Headcount.[Employment Level,End of Period Headcount,,,"Employment Level Staffing Breakdown provides the percentages of the workforce within each employment level, typically exempt and non-exempt within a U.S. workforce (alternatively, salaried and hourly). Graphically, the data are presented as a percentage of the total workforce, i.e., a stacked bar graph."
18.13,Workforce,Outcome & Impact,Employee Ownership Rate (%of Workforce),Employees who own company equity as a percentage of total headcount at the end of the reporting period.,(End of Period Headcount.Equity Owners / End of Period Headcount) * 100,End of Period Headcount.Equity Owners,End of Period Headcount,,,"A result of 30%, for example, means that 30% of employees own some portion of the company’s equity."
18.14,Workforce,Operational Performance,Staffing Breakdown by EEO Job Category,Distribution of headcount by EEO Job Category at the end of reporting period.,(End of Period Headcount.[EEO Job Category] / End of Period Headcount) *100,End of Period Headcount.[EEO Job Category] ,End of Period Headcount,,,"EEO Job Category Staffing Breakdown provides the percentages of the workforce within each EEO job category for United States employers who report workforce figures to the Equal Employment Opportunity Commission. Graphically, the data are presented as a percentage of the total workforce, i.e., a stacked bar graph."
18.15,Workforce,Operational Performance,Customer Facing Time Rate (%Time Spent),Number of workdays devoted to customer-facing activities as a percentage of total workdays.,(Workdays.Customer Facing / Workdays) * 100,#Workdays.Customer Facing,#Workdays,,,This measure is similar to Staffing Rate——Customer Facing but views customer- facing activities at a more granular level. An employee may be in a customer-facing role but only spend 10% of his or her time actually communicating with customers. This measure adopts a stricter view by analyzing the percentage of time spent by any employee with customers.
18.16,Workforce,Operational Performance,Manager - Span of Control Average,Average number of direct reports for each supervisor.,Total Span of Control.All Supervisors / End of Period Headcount.Supervisors,Total Span of Control.All Supervisors,End of Period Headcount.Supervisors,,, A result of five means that supervisors have an average of five direct reports.
18.17,Workforce,Operational Performance,Staffing Rate - Multilingual (%of Workforce),Percentage of employees at the end of the period that speak more than one language.,(End of Period Headcount.Multilingual / End of Period Headcount) * 100,End of Period Headcount.Multilingual,End of Period Headcount,,,"A result of 20% means that 20% of employees speak at least two languages. An organization may also create variations on this measure that relate to specific languages, e.g., Staffing Rate——Spanish Speaking."
18.18,Workforce,Outcome & Impact,Staffing Rate - Minority (%of Workforce),Percentage of employees at the end of the period that represent ethnic minorities.,(End of Period Headcount.Minority / End of Period Headcount) * 100,End of Period Headcount.Minority,End of Period Headcount,,,A result of 25% means that 25% of employees are identified as part of an ethnic minority group (usually all non-Caucasian ethnic groups).
18.19,Workforce,Outcome & Impact,Staffing Rate - Female (%of Workforce),Percentage of employees at the end of the period that are female.,(End of Period Headcount.Female / End of Period Headcount) * 100,End of Period Headcount.Female,End of Period Headcount,,,Staffing Rate——Female indicates the percentage of the workforce represented by females. A result of 40% means that 40% of employees are female.
18.20,Workforce,Outcome & Impact,Staffing Rate - Disability (%of Workforce),Percentage of employees at the end of the period who have disabilities.,(End of Period Headcount.Disability / End of Period Headcount) * 100,End of Period Headcount.Disability,End of Period Headcount,,,Staffing Rate——Disability indicates the percentage of the organization's employees that identify themselves as having a disability. A result of 2% means that 2 of every 100 employees identifies as having a disability.
18.21,Workforce,Outcome & Impact,Staffing Rate - Male (%of Workforce),,(End of Period Headcount.Male / End of Period Headcount) * 100,End of Period Headcount.Male,End of Period Headcount